Season,Name,Age,Hometown,Occupation,Outcome,Place,Score,Age Difference,Bachelor Name,Show
1,Amanda Marsh,23.0,"Chanute, Kansas",Event Planner,Winner,1.0,1.0,8.0,Unknown,Bachelor
1,Trista Rehn,29.0,"St. Louis, Missouri",Miami Heat Dancer,Runner-up,,,2.0,Unknown,Bachelor
1,Shannon Oliver,24.0,"Dallas, Texas",Financial Management Consultant,Week 5,5.0,3.0,7.0,Unknown,Bachelor
1,Kimberly Karels,24.0,"Tempe, Arizona",Nanny,Week 4,4.0,4.0,7.0,Unknown,Bachelor
1,Cathy Grimes,22.0,"Terre Haute, Indiana",Graduate Student,Week 3,3.0,5.0,9.0,Unknown,Bachelor
1,Christina Stencil,28.0,"Bonita, California",Attorney,Week 3,3.0,5.0,3.0,Unknown,Bachelor
1,LaNease Adams,23.0,"Playa Del Rey, California",Actress,Week 3,3.0,5.0,8.0,Unknown,Bachelor
1,Rhonda Rittenhouse,28.0,"Woodward, Oklahoma",Commercial Real Estate Agent,Week 3,3.0,5.0,3.0,Unknown,Bachelor
1,Alexa Jurgielewicz,27.0,"Beverly Hills, California",Special Ed. Teacher,Week 2,2.0,2.0,4.0,Unknown,Bachelor
1,Amy Anzel,28.0,"Yonkers, New York",Production Coordinator,Week 2,2.0,2.0,3.0,Unknown,Bachelor
1,Angela Lowery,25.0,"Avondale, Arizona",Hooters Waitress,Week 2,2.0,2.0,6.0,Unknown,Bachelor
1,Angelique Madrid,27.0,"Burbank, California",Actress,Week 2,2.0,2.0,4.0,Unknown,Bachelor
1,Katie Sapienza,23.0,"Malden, Massachusetts",Power Tool Sales Rep.,Week 2,2.0,2.0,8.0,Unknown,Bachelor
1,Melissa Reese,25.0,"Tempe, Arizona",Photographer,Week 2,2.0,2.0,6.0,Unknown,Bachelor
1,Tina Chen,27.0,"Plano, Texas",Graduate Student,Week 2,2.0,2.0,4.0,Unknown,Bachelor
1,Amber Johnson,29.0,"Los Angeles, California",Business Development Director,Week 1,1.0,1.0,2.0,Unknown,Bachelor
1,Daniela Ferdico,30.0,"Seattle, Washington",Neuropsychologist,Week 1,1.0,1.0,1.0,Unknown,Bachelor
1,Denise Kellaher,30.0,"Honolulu, Hawaii",Doctor,Week 1,1.0,1.0,1.0,Unknown,Bachelor
1,Jackie Hucko,22.0,"Pittsburgh, Pennsylvania",Bar Manager,Week 1,1.0,1.0,9.0,Unknown,Bachelor
1,Jill Gosser,31.0,"Chicago, Illinois",Retail Manager,Week 1,1.0,1.0,0.0,Unknown,Bachelor
1,Kristina Jenkins,27.0,"Chelsea, New York",Advertising Executive,Week 1,1.0,1.0,4.0,Unknown,Bachelor
1,Lisa Gold,29.0,"Dallas, Texas",Attorney,Week 1,1.0,1.0,2.0,Unknown,Bachelor
1,Paula Oliveira,24.0,"Swansea, Massachusetts",Insurance Representative,Week 1,1.0,1.0,7.0,Unknown,Bachelor
1,Rachel Lanzilotto,29.0,"Eastchester, New York",6th Grade Teacher,Week 1,1.0,1.0,2.0,Unknown,Bachelor
1,Wendi Plotnik,26.0,"Dallas, Texas",Technology Specialist,Week 1,1.0,1.0,5.0,Unknown,Bachelor
2,Helene Eksterowicz,27.0,"Gloucester, New Jersey",School Psychologist,Winner,1.0,1.0,1.0,Unknown,Bachelor
2,Brooke Smith,22.0,"Albertville, Alabama",College Student,Runner-up,,,6.0,Unknown,Bachelor
2,Gwen Gioia,31.0,"Philadelphia, Pennsylvania",Executive Recruiter,Week 6,5.0,3.0,-3.0,Unknown,Bachelor
2,Angela Vaught,27.0,"Kansas City, Missouri",Registered Nurse,Week 5,5.0,3.0,1.0,Unknown,Bachelor
2,Hayley Crittenden,28.0,"Lake Oswego, Oregon",Retail Manager,Week 4,4.0,4.0,0.0,Unknown,Bachelor
2,Heather Cranford,30.0,"Dallas, Texas",Flight Attendant,Week 4,4.0,4.0,-2.0,Unknown,Bachelor
2,Christi Weible,23.0,"Boise, Idaho",Assistant Financial Advisor,Week 3,3.0,5.0,5.0,Unknown,Bachelor
2,Heather Campion,24.0,"Walnut Creek, California",Marriage Therapy Trainee,Week 3,3.0,5.0,4.0,Unknown,Bachelor
2,Kyla Dickerson,22.0,"Midvale, Utah",Airline Supervisor,Week 3,3.0,5.0,6.0,Unknown,Bachelor
2,Shannon Fries,26.0,"North Lindenhurst, New York",Graphic Artist,Week 3,3.0,5.0,2.0,Unknown,Bachelor
2,Dana Norris,24.0,"Beverly Hills, California",Radio Sales,Week 2,2.0,2.0,4.0,Unknown,Bachelor
2,Erin Lulevitch,25.0,"West Chester, Pennsylvania",Publications Quality Control,Week 2,2.0,2.0,3.0,Unknown,Bachelor
2,Suzanne Freeman,33.0,"Redondo Beach, California",Flight Attendant,Week 2,2.0,2.0,-5.0,Unknown,Bachelor
2,Frances Dinglasan,30.0,"San Francisco, California",Strategic Planning Analyst,Week 2 (Quit),2.0,2.0,-2.0,Unknown,Bachelor
2,Anindita Dutta,27.0,"Brooklyn, New York",Attorney,Week 2 (Quit),2.0,2.0,1.0,Unknown,Bachelor
2,Amber West,26.0,"Chapel Hill, North Carolina",Psychologist,Week 1,1.0,1.0,2.0,Unknown,Bachelor
2,Camille Langfield,29.0,"Sherman Oaks, California",Actress,Week 1,1.0,1.0,-1.0,Unknown,Bachelor
2,Cari,29.0,"Granite City, Illinois",3rd Grade Teacher,Week 1,1.0,1.0,-1.0,Unknown,Bachelor
2,Christy,24.0,"Avondale, Arizona",Radiological Technologist,Week 1,1.0,1.0,4.0,Unknown,Bachelor
2,Erin A.,24.0,"Houston, Texas",Interior Designer,Week 1,1.0,1.0,4.0,Unknown,Bachelor
2,Fatima Rivas,22.0,"Long Beach, California",College Student,Week 1,1.0,1.0,6.0,Unknown,Bachelor
2,Liangy Fernandez,30.0,"Coral Gables, Florida",Paralegal,Week 1,1.0,1.0,-2.0,Unknown,Bachelor
2,Lori Todd,26.0,"Dallas, Texas",Former NBA Cheerleader,Week 1,1.0,1.0,2.0,Unknown,Bachelor
2,Merrilee Donohue,28.0,"Forked River, New Jersey",1st Grade Teacher,Week 1,1.0,1.0,0.0,Unknown,Bachelor
2,Suzi Reid,28.0,"Richmond, Virginia",Communications Specialist,Week 1,1.0,1.0,0.0,Unknown,Bachelor
5,Jessica Bowlin,22.0,"Huntington Beach, California",Student,Winner,1.0,1.0,3.0,Unknown,Bachelor
5,Tara Huckeby,23.0,"Shawnee, Oklahoma",General Contractor,Week 7,5.0,3.0,2.0,Unknown,Bachelor
5,Mandy Jaye Jeffreys,26.0,"Midland, Texas",Architect Designer,Week 6,5.0,3.0,-1.0,Unknown,Bachelor
5,Trish Schneider,28.0,"Atlanta, Georgia",Model,Week 5,5.0,3.0,-3.0,Unknown,Bachelor
5,Karen Lindsay,28.0,"Pleasant Grove, Utah",Pharmaceutical Salesperson,Week 4,4.0,4.0,-3.0,Unknown,Bachelor
5,Jenny De Schiralli,26.0,"Carrboro, North Carolina",Swim Instructor,Week 3,3.0,5.0,-1.0,Unknown,Bachelor
5,Amber LaRoux,27.0,"Sunriver, Oregon",Consultant,Week 2,2.0,2.0,-2.0,Unknown,Bachelor
5,DeShaun Warner,25.0,"Phillipsburg, New Jersey",Account Manager,Week 1,1.0,1.0,0.0,Unknown,Bachelor
9,Jennifer Wilson,24.0,"Pembroke Pines, Florida",Teacher,Winner,1.0,1.0,10.0,Unknown,Bachelor
9,Sadie Murray,23.0,"Carlsbad, California",Publicist,Week 7,5.0,3.0,11.0,Unknown,Bachelor
9,Lisa Blank,25.0,"Portland, Oregon",Marketing manager,Week 6,5.0,3.0,9.0,Unknown,Bachelor
9,Agnese Polliza,24.0,"Venice, Italy",Student,Week 5,5.0,3.0,10.0,Unknown,Bachelor
9,Desiree Valentin,22.0,"Salt Lake City, Utah",Realtor,Week 4,4.0,4.0,12.0,Unknown,Bachelor
9,Erica Rose,23.0,"Houston, Texas",Attorney,Week 3,3.0,5.0,11.0,Unknown,Bachelor
9,Ellen DeMaio,30.0,"New Haven, Connecticut",Realtor,Week 2,2.0,2.0,4.0,Unknown,Bachelor
9,April Jacobs,23.0,"Hyde Park, Chicago, Illinois",Model,Week 1,1.0,1.0,11.0,Unknown,Bachelor
10,Tessa Horst,26.0,"San Francisco, California",Social Worker,Winner,1.0,1.0,4.0,Unknown,Bachelor
10,Bevin Nicole Powers,28.0,"Palo Alto, California",Assistant,Week 8,5.0,3.0,2.0,Unknown,Bachelor
10,Danielle Imwalle,25.0,"Bethel, Connecticut",Graphic Designer,Week 7,5.0,3.0,5.0,Unknown,Bachelor
10,Amber Alchalabi,23.0,"Sugar Land, Texas",Teacher,Week 6,5.0,3.0,7.0,Unknown,Bachelor
10,Stephanie Wilhite,23.0,"Overland Park, Kansas",Project Manager,Week 5,5.0,3.0,7.0,Unknown,Bachelor
10,Kate Brockhouse,24.0,"Ravenel, South Carolina",Boutique owner,Week 4,4.0,4.0,6.0,Unknown,Bachelor
10,Amanda Hackney,26.0,"Dallas, Texas",Financial analyst,Week 3,3.0,5.0,4.0,Unknown,Bachelor
10,Alexis Young,26.0,"Southlake, Texas",Attorney,Week 2,2.0,2.0,4.0,Unknown,Bachelor
10,Blakeney Rowe,29.0,"Birmingham, Alabama",Radio sales,Week 1,1.0,1.0,1.0,Unknown,Bachelor
11,DeAnna Pappas[1],25.0,"Newnan, Georgia",Realtor,Co-runners-up,,,9.0,Unknown,Bachelor
11,Bettina Bell[2],27.0,"Washington, D.C.",Realtor,Week 7,5.0,3.0,7.0,Unknown,Bachelor
11,Sheena Stewart[3],23.0,"Walnut Creek, California",Internet marketing executive,Week 6,5.0,3.0,11.0,Unknown,Bachelor
11,Hillary Reisinger[4],27.0,"Philadelphia, Pennsylvania",Registered nurse,Week 5,5.0,3.0,7.0,Unknown,Bachelor
11,McCarten Delaney[6][7],26.0,"Lemon Grove, California",Account manager,Week 4,4.0,4.0,8.0,Unknown,Bachelor
11,Jade Beazley[8],24.0,"Nashville, Tennessee",Boutique sales worker,9,,,10.0,Unknown,Bachelor
11,Lindsey Hawkins,25.0,"Livonia, Michigan",Model,Week 3,3.0,5.0,9.0,Unknown,Bachelor
11,Erin Gardner,25.0,"Tampa, Florida",Publishing sales executive,Week 2,2.0,2.0,9.0,Unknown,Bachelor
11,Jessica Kiss,27.0,"Lady Lake, Florida",News anchor,Week 1,1.0,1.0,7.0,Unknown,Bachelor
12,Shayne Lamas[2],22.0,"Malibu, California",Actress,Winner,1.0,1.0,5.0,Unknown,Bachelor
12,Chelsea Wanstrath[2],25.0,"Durango, Colorado",Pharmaceutical sales rep.,Runner-up,,,2.0,Unknown,Bachelor
12,Amanda Rantuccio[2],27.0,"Niceville, Florida",Account Executive,Week 7,5.0,3.0,0.0,Unknown,Bachelor
12,Noelle Drake[3],26.0,"Loveland, Colorado",Photographer,Week 6,5.0,3.0,1.0,Unknown,Bachelor
12,Marshana Ritchie[4],27.0,"Brooklyn, New York",Fashion designer,Week 5,5.0,3.0,0.0,Unknown,Bachelor
12,Ashlee Williss[5],22.0,"Jacksonville Beach, Florida",Singer-songwriter,Week 4,4.0,4.0,5.0,Unknown,Bachelor
12,Holly Durst[6][7],24.0,"Suffield, Ohio",Children's book author,9,,,3.0,Unknown,Bachelor
12,Amy Bean,22.0,"Stockton, California",Nanny,Week 3,3.0,5.0,5.0,Unknown,Bachelor
12,"Caroline ""Carri"" Perrier[9][10]",25.0,"Oklahoma City, Oklahoma",Church marketing rep.,Week 2,2.0,2.0,2.0,Unknown,Bachelor
12,Alyssa Johnson,24.0,"Boise, Idaho",Biology student,Week 1,1.0,1.0,3.0,Unknown,Bachelor
13,Melissa Rycroft[9],25.0,"Dallas, Texas",Sales Representative,Winner,1.0,1.0,7.0,Unknown,Bachelor
13,Molly Malaney[10],24.0,"Brookfield, Wisconsin",Department Store Buyer,Runner-Up,,,8.0,Unknown,Bachelor
13,Jillian Harris,29.0,"Peace River, Alberta",Interior Designer,Week 7,5.0,3.0,3.0,Unknown,Bachelor
13,Naomi Crespo[11],24.0,"Carlsbad, California",Flight Attendant,Week 6,5.0,3.0,8.0,Unknown,Bachelor
13,Stephanie Hogan[12],34.0,"Huntsville, Alabama",Medical Marketing Representative,Week 5,5.0,3.0,-2.0,Unknown,Bachelor
13,Lauren Wanger,27.0,"Marlboro, New Jersey",Teacher,Week 4,4.0,4.0,5.0,Unknown,Bachelor
13,Nikki Kaapke[15],29.0,"Blue Island, Illinois",Administrative Assistant,9,,,3.0,Unknown,Bachelor
13,Erica DeSimone,25.0,"Monroe, Connecticut",Account Executive,Week 3,3.0,5.0,7.0,Unknown,Bachelor
13,Natalie Getz[17],27.0,"Morton, Illinois",Human Resources Recruiter,12,,,5.0,Unknown,Bachelor
13,Raquel Medeiros[18],27.0,"Recife, Pernambuco[a]",Medical Student,Week 2,2.0,2.0,5.0,Unknown,Bachelor
13,Lisa Gonzalez[20],28.0,"Boise, Idaho",Public Relations Associate,15 ,,,4.0,Unknown,Bachelor
13,Ann Lueders,24.0,"Phoenix, Arizona",Flight Attendant,Week 1,1.0,1.0,8.0,Unknown,Bachelor
14,Vienna Girardi[1],23.0,"Geneva, Florida",Marketing Representative,Winner,1.0,1.0,8.0,Unknown,Bachelor
14,Tenley Molzahn[2],25.0,"Newberg, Oregon",College Admissions,Runner-Up,,,6.0,Unknown,Bachelor
14,Gia Allemand[3],26.0,"Manorville, New York",Swimsuit Model,Week 7,5.0,3.0,5.0,Unknown,Bachelor
14,Ali Fedotowsky[4][3],25.0,"Williamstown, Massachusetts",Advertising Account Manager,Week 6,5.0,3.0,6.0,Unknown,Bachelor
14,Corrie Adamson,23.0,"Kissimmee, Florida",Wardrobe Consultant,Week 5,5.0,3.0,8.0,Unknown,Bachelor
14,Ashleigh Hunt[4],25.0,"North Potomac, Maryland",Account Manager,Week 4,4.0,4.0,6.0,Unknown,Bachelor
14,Kathryn Sherlock[5],25.0,"Lexington, Kentucky",Corporate Flight Attendant,8,,,6.0,Unknown,Bachelor
14,Ella Nolan[4][3],30.0,"La Follette, Tennessee",Hair Stylist,9,,,1.0,Unknown,Bachelor
14,Elizabeth Kitt (NE)[3],29.0,"Imperial, Nebraska",Nanny,Week 3,3.0,5.0,2.0,Unknown,Bachelor
14,Michelle Kujawa[3],26.0,"Anaheim, California",Office Manager,12,,,5.0,Unknown,Bachelor
14,Ashley Elmore[7],29.0,"Pittsburgh, Pennsylvania",Teacher,Week 2,2.0,2.0,2.0,Unknown,Bachelor
14,Rozlyn Papa[3],28.0,"Richmond, Virginia",Model/Make-Up Artist,15 (DQ),,,3.0,Unknown,Bachelor
14,"Alexa ""Lex"" McAllister[9]",25.0,"Galloway, Ohio",Entrepreneur,Week 1,1.0,1.0,6.0,Unknown,Bachelor
15,Emily Maynard[7],24.0,"Morgantown, West Virginia",Children's Hospital Event Planner,Winner,1.0,1.0,14.0,Unknown,Bachelor
15,Chantal O'Brien[9],28.0,"Mercer Island, Washington",Executive Assistant,Runner-up,,,10.0,Unknown,Bachelor
15,Ashley Hebert[10],26.0,"Madawaska, Maine",Dental Student,Week 9,6.0,2.0,12.0,Unknown,Bachelor
15,Shawntel Newton[12],25.0,"Chico, California",Funeral Director,Week 8,5.0,3.0,13.0,Unknown,Bachelor
15,Michelle Money,30.0,"Salt Lake City, Utah",Hairstylist,Week 7,5.0,3.0,8.0,Unknown,Bachelor
15,Britt Billmaier[9],25.0,"Woodinville, Washington",Food Writer,6,,,13.0,Unknown,Bachelor
15,Jackie Gordon[15],26.0,"Newport, Rhode Island",Artist,Week 6,5.0,3.0,12.0,Unknown,Bachelor
15,"Allison ""Alli"" Travis[17]",24.0,"Worthington, Ohio",Apparel Merchant,8,,,14.0,Unknown,Bachelor
15,Lisa Morrisey[18],24.0,"Ottawa, Kansas",Marketing Coordinator,Week 5,5.0,3.0,14.0,Unknown,Bachelor
15,Ashley Spivey[21],26.0,"Ellerbe, North Carolina",Nanny,11,,,12.0,Unknown,Bachelor
15,Lindsay Hill[22],25.0,"Plano, Texas",First Grade Teacher,Week 4,4.0,4.0,13.0,Unknown,Bachelor
15,Kimberly Coon[24],27.0,"Orlando, Florida",Marketing Coordinator,Week 3,3.0,5.0,11.0,Unknown,Bachelor
15,Madison Garton[27],25.0,"Vail, Colorado",Model,17 ,,,13.0,Unknown,Bachelor
15,Keltie Busch[28],28.0,"Sherwood Park, Alberta",Radio City Rockette,Week 2,2.0,2.0,10.0,Unknown,Bachelor
15,Britnee Marks[30],25.0,"Holland, Pennsylvania",Paralegal,Week 1,1.0,1.0,13.0,Unknown,Bachelor
16,Courtney Robertson[7][8],28.0,"Scottsdale, Arizona",Model,Winner,1.0,1.0,1.0,Unknown,Bachelor
16,Lindzi Cox[9],27.0,"Ocala, Florida",Business Development Manager,Runner-up,,,2.0,Unknown,Bachelor
16,Nicki Sterling[7],26.0,"Hurst, Texas",Dental Hygienist,Week 9,6.0,2.0,3.0,Unknown,Bachelor
16,Kacie Boguskie[10],24.0,"Clarksville, Tennessee",Administrative Assistant,Week 8,5.0,3.0,5.0,Unknown,Bachelor
16,Emily O'Brien[11],27.0,"Chapel Hill, North Carolina",PhD Student,Week 7,5.0,3.0,2.0,Unknown,Bachelor
16,Jamie Otis[13],25.0,"Dryden, New York",Registered Nurse,Week 6,5.0,3.0,4.0,Unknown,Bachelor
16,Casey Shteamer[14],26.0,"Leawood, Kansas",Trading Clerk,8 (DQ),,,3.0,Unknown,Bachelor
16,Blakeley Jones[11],34.0,"Rutherfordton, North Carolina",VIP Cocktail Waitress,9,,,-5.0,Unknown,Bachelor
16,Jennifer Fritsch[14],28.0,"Cache, Oklahoma",Accountant,Week 5,5.0,3.0,1.0,Unknown,Bachelor
16,Elyse Myers[14],24.0,"Chicago, Illinois",Personal Trainer,11,,,5.0,Unknown,Bachelor
16,Monica Spannbauer[15],33.0,"Yuba, California",Dental Consultant,Week 4,4.0,4.0,-4.0,Unknown,Bachelor
16,Samantha Levey[16][17],26.0,"Pittsburgh, Pennsylvania",Advertising Account Manager,13,,,3.0,Unknown,Bachelor
16,Erika Uhlig[18],23.0,"Charlottesville, Virginia",Law Student,Week 3,3.0,5.0,6.0,Unknown,Bachelor
16,Brittney Schreiner[7],26.0,"Colorado Springs, Colorado",Medical Sales Representative,16 ,,,3.0,Unknown,Bachelor
16,Jenna Burke[20][21],27.0,"Loveland, Ohio",Blogger,Week 2,2.0,2.0,2.0,Unknown,Bachelor
16,Amber Bacon[23],23.0,"Port Coquitlam, British Columbia",Labor and Delivery Nurse,Week 1,1.0,1.0,6.0,Unknown,Bachelor
17,Catherine Giudici[14],26.0,"Seattle, Washington",Graphic Designer,Winner,1.0,1.0,0.0,Unknown,Bachelor
17,Lindsay Yenter[15],24.0,"Fort Leonard Wood, Missouri",Substitute Teacher,Runner-up,,,2.0,Unknown,Bachelor
17,AshLee Frazier[16],32.0,"Houston, Texas",Personal Organizer,Week 9,6.0,2.0,-6.0,Unknown,Bachelor
17,Desiree Hartsock[17],26.0,"Northglenn, Colorado",Bridal Stylist,Week 8,5.0,3.0,0.0,Unknown,Bachelor
17,Lesley Murphy[18],25.0,"Fort Smith, Arkansas",Political Consultant,Week 7,5.0,3.0,1.0,Unknown,Bachelor
17,Tierra LiCausi[19],24.0,"Las Vegas, Nevada",Leasing Consultant,6,,,2.0,Unknown,Bachelor
17,Daniella McBride[20],24.0,"Belmont, California",Commercial Casting Associate,Week 6,5.0,3.0,2.0,Unknown,Bachelor
17,Sarah Herron[17][22],26.0,"Evergreen, Colorado",Advertising Executive,9,,,0.0,Unknown,Bachelor
17,Robyn Howard[16][23],24.0,"Topeka, Kansas",Oil Field Account Manager,Week 5,5.0,3.0,2.0,Unknown,Bachelor
17,Jackie Parr[24],25.0,"Ormond Beach, Florida",Cosmetics Consultant,11,,,1.0,Unknown,Bachelor
17,Amanda Meyer[17],26.0,"Bakersfield, California",Fit Model,Week 4,4.0,4.0,0.0,Unknown,Bachelor
17,Leslie Hughes[17],28.0,"Ruskin, Florida",Poker Dealer,13,,,-2.0,Unknown,Bachelor
17,Kristy Kaminski[25],25.0,"Darien, Wisconsin",Model,Week 3,3.0,5.0,1.0,Unknown,Bachelor
17,Kacie Boguskie[27],25.0,"Clarksville, Tennessee",Administrative Assistant,16,,,1.0,Unknown,Bachelor
17,Brooke Burchette[28],25.0,"Pittsburgh, Pennsylvania",Community Organizer,Week 2,2.0,2.0,1.0,Unknown,Bachelor
17,Katie Levans[30],27.0,"Woodstock, Illinois",Yoga Instructor,19 ,,,-1.0,Unknown,Bachelor
17,Ashley Harper[31],25.0,"Garner, North Carolina",Fashion Model,Week 1,1.0,1.0,1.0,Unknown,Bachelor
18,Nikki Ferrell[6][7],26.0,"Kearney, Missouri",Pediatric Nurse,Winner,1.0,1.0,6.0,Unknown,Bachelor
18,Clare Crawley[8],32.0,"Sacramento, California",Hairstylist,Runner-up,,,0.0,Unknown,Bachelor
18,Andi Dorfman[9],26.0,"Buckhead, Georgia",Assistant District Attorney,Week 9,6.0,2.0,6.0,Unknown,Bachelor
18,Renee Oteri[10],32.0,"Martha's Vineyard, Massachusetts",Real Estate Agent,Week 8,5.0,3.0,0.0,Unknown,Bachelor
18,Chelsie Webster[11],24.0,"Lexington, Ohio",Science Educator,Week 7,5.0,3.0,8.0,Unknown,Bachelor
18,Sharleen Joynt[12][13],29.0,"Ottawa, Ontario[a]",Opera Singer,6 ,,,3.0,Unknown,Bachelor
18,"Katherine ""Kat"" Hurd",29.0,"Iowa City, Iowa",Medical Sales Rep,Week 6,5.0,3.0,3.0,Unknown,Bachelor
18,Cassandra Ferguson[14],22.0,"Rochester Hills, Michigan",Former NBA Dancer,8,,,10.0,Unknown,Bachelor
18,"Allison ""Alli"" Restko[13]",26.0,"Orland Park, Illinois",Nanny,Week 5,5.0,3.0,6.0,Unknown,Bachelor
18,Elise Mosca[16],27.0,"Forty Fort, Pennsylvania",First Grade Teacher,Week 4,4.0,4.0,5.0,Unknown,Bachelor
18,Christy Hansen[18],24.0,"Aurora, Illinois",Marketing Manager,Week 3,3.0,5.0,8.0,Unknown,Bachelor
18,Amy Long[19],27.0,"Clermont, Florida",Local News Reporter,Week 2,2.0,2.0,5.0,Unknown,Bachelor
18,Victoria Lima[13],24.0,"Porto Alegre, Brazil[b]",Legal Assistant,18,,,8.0,Unknown,Bachelor
18,Alexis Morgado[13][21],24.0,"Tampa, Florida",Communications Director,Week 1,1.0,1.0,8.0,Unknown,Bachelor
19,Whitney Bischoff[7][8],29.0,"Louisville, Kentucky",Fertility Nurse,Winner,1.0,1.0,4.0,Unknown,Bachelor
19,Becca Tilley[10][11],25.0,"Shreveport, Louisiana",Chiropractic Assistant,Runner-up,,,8.0,Unknown,Bachelor
19,Kaitlyn Bristowe[12],29.0,"Leduc, Alberta",Dance Instructor,Week 9,6.0,2.0,4.0,Unknown,Bachelor
19,Jade Roper[8][14],28.0,"Gering, Nebraska",Cosmetics Developer,Week 8,5.0,3.0,5.0,Unknown,Bachelor
19,Carly Waddell[3],29.0,"Arlington, Texas",Cruise Ship Singer,Week 7,5.0,3.0,4.0,Unknown,Bachelor
19,Britt Nilsson[8][14],27.0,"Wolcott Mills, Michigan",Waitress,6,,,6.0,Unknown,Bachelor
19,Megan Bell[7],24.0,"Brentwood, Tennessee",Make-Up Artist,Week 6,5.0,3.0,9.0,Unknown,Bachelor
19,Kelsey Poe[8][17],28.0,"Hudsonville, Michigan",Guidance Counselor,8,,,5.0,Unknown,Bachelor
19,Ashley Iaconetti[8][19],26.0,"Great Falls, Virginia",Journalist,9,,,7.0,Unknown,Bachelor
19,Mackenzie Deonigi[7],21.0,"Maple Valley, Washington",Dental Assistant,Week 5,5.0,3.0,12.0,Unknown,Bachelor
19,Ashley Salter[21],24.0,"Vinings, Georgia",Hair Stylist,Week 4,4.0,4.0,9.0,Unknown,Bachelor
19,Jillian Anderson[23][24],25.0,"Howland, Ohio",News Producer,15,,,8.0,Unknown,Bachelor
19,Amber James[7][25],29.0,"Kankakee, Illinois",Bartender,Week 3,3.0,5.0,4.0,Unknown,Bachelor
19,Alissa Giambrone[19],24.0,"Hamilton, New Jersey",Flight Attendant,Week 2,2.0,2.0,9.0,Unknown,Bachelor
19,Kimberly Sherbach[31],28.0,"Wantagh, New York",Yoga Instructor,[29][32],,,5.0,Unknown,Bachelor
19,Tandra Steiner[7],30.0,"Sandy, Utah",Executive Assistant,[29],,,3.0,Unknown,Bachelor
19,Amanda Goerlitz[28],24.0,"Lake in the Hills, Illinois",Ballet Teacher,Week 1,1.0,1.0,9.0,Unknown,Bachelor
20,Lauren Bushnell[9],25.0,"West Linn, Oregon",Flight Attendant,Winner,1.0,1.0,1.0,Unknown,Bachelor
20,"Joelle ""JoJo"" Fletcher[6][11]",24.0,"Dallas, Texas",Real Estate Developer,Runner-up,,,2.0,Unknown,Bachelor
20,Caila Quinn[12],24.0,"Hudson, Ohio",Software Sales Representative,Week 9,6.0,2.0,2.0,Unknown,Bachelor
20,Amanda Stanton[11][14],25.0,"Laguna Beach, California",Esthetician,Week 8,5.0,3.0,1.0,Unknown,Bachelor
20,Becca Tilley[16],26.0,"Shreveport, Louisiana",Chiropractic Assistant,Week 7,5.0,3.0,0.0,Unknown,Bachelor
20,Emily Ferguson[a][11],23.0,"Las Vegas, Nevada",Waitress,6,,,3.0,Unknown,Bachelor
20,Lauren Himle[18],25.0,"Dexter, Michigan",Kindergarten Teacher,Week 6,5.0,3.0,1.0,Unknown,Bachelor
20,Olivia Caridi[5][11],23.0,"Austin, Texas",Former News Anchor,8,,,3.0,Unknown,Bachelor
20,Leah Block[20],25.0,"Greenwood Village, Colorado",Event Planner,9,,,1.0,Unknown,Bachelor
20,Jennifer Saviano[21],25.0,"Davie, Florida",Small Business Owner,Week 5,5.0,3.0,1.0,Unknown,Bachelor
20,Jubilee Sharpe[11],24.0,"Fort Lauderdale, Florida",War Veteran,11,,,2.0,Unknown,Bachelor
20,Amber James[23],30.0,"Kankakee, Illinois",Bartender,Week 4,4.0,4.0,-4.0,Unknown,Bachelor
20,Haley Ferguson[a][11],23.0,"Las Vegas, Nevada",Waitress,14,,,3.0,Unknown,Bachelor
20,Jami Letain[26],23.0,"St. Albert, Alberta",Bartender,Week 3,3.0,5.0,3.0,Unknown,Bachelor
20,Lace Morris[20],25.0,"Denver, Colorado",Real Estate Agent,17 ,,,1.0,Unknown,Bachelor
20,"Amanda ""Mandi"" Kremer[29]",28.0,"Portland, Oregon",Dentist,Week 2,2.0,2.0,-2.0,Unknown,Bachelor
20,"Lauren ""LB"" Barr[33]",23.0,"Stillwater, Oklahoma",Fashion Buyer,21 ,,,3.0,Unknown,Bachelor
20,Breanne Rice[34],30.0,"Seattle, Washington",Nutritional Therapist,Week 1,1.0,1.0,-4.0,Unknown,Bachelor
21,Vanessa Grimaldi[9],29.0,"Montreal, Quebec",Special Education Teacher,Winner,1.0,1.0,7.0,Unknown,Bachelor
21,Raven Gates[11][12],25.0,"Hoxie, Arkansas",Fashion Boutique Owner,Runner-Up,,,11.0,Unknown,Bachelor
21,Rachel Lindsay[11],31.0,"Dallas, Texas",Attorney,Week 9,6.0,2.0,5.0,Unknown,Bachelor
21,Corinne Olympios[11][14],24.0,"Miami, Florida",Business Owner,Week 8,5.0,3.0,12.0,Unknown,Bachelor
21,Kristina Schulman[16],24.0,"Lexington, Kentucky",Dental Hygienist,Week 7,5.0,3.0,12.0,Unknown,Bachelor
21,Danielle Maltby[18],31.0,"Colgate, Wisconsin",Neonatal Nurse,6,,,5.0,Unknown,Bachelor
21,Danielle Lombard[12][19],27.0,"Danville, California",Small Business Owner,Week 6,5.0,3.0,9.0,Unknown,Bachelor
21,Whitney Fransway[21],25.0,"Chanhassen, Minnesota",Pilates Instructor,8,,,11.0,Unknown,Bachelor
21,Jasmine Goode[22][23],29.0,"Maplewood, New Jersey",Pro Basketball Dancer,9,,,7.0,Unknown,Bachelor
21,Alexis Waters[11][24],23.0,"Secaucus, New Jersey",Aspiring Dolphin Trainer,Week 5,5.0,3.0,13.0,Unknown,Bachelor
21,Taylor Nolan[26],23.0,"Seattle, Washington",Mental Health Counselor,13,,,13.0,Unknown,Bachelor
21,Astrid Loch[28],26.0,"Tampa, Florida",Plastic Surgery Office Manager,Week 4,4.0,4.0,10.0,Unknown,Bachelor
21,Brittany Farrar[19],26.0,"Santa Monica, California",Travel Nurse,Week 3,3.0,5.0,10.0,Unknown,Bachelor
21,Dominique Alexis[19],25.0,"Los Angeles, California",Restaurant Server,18,,,11.0,Unknown,Bachelor
21,Elizabeth Whitelaw[33],24.0,"New Trier, Illinois",Marketing Manager,Week 2,2.0,2.0,12.0,Unknown,Bachelor
21,"Elizabeth ""Liz"" Sandoz[11]",29.0,"Scottsbluff, Nebraska",Doula,22,,,7.0,Unknown,Bachelor
21,Angela Amezcua[37],26.0,"Cumberland, Maryland",Model,Week 1,1.0,1.0,10.0,Unknown,Bachelor
22,Becca Kufrin[9],27.0,"Prior Lake, Minnesota",Publicist,Winner,1.0,1.0,9.0,Unknown,Bachelor
22,Lauren Burnham[11],25.0,"Virginia Beach, Virginia",Technology Salesperson,Runner-up,,,11.0,Unknown,Bachelor
22,Kendall Long[12],26.0,"Santa Clarita, California",Creative Director,Week 9,6.0,2.0,10.0,Unknown,Bachelor
22,Tia Booth[14],26.0,"Weiner, Arkansas",Physical Therapist,Week 8,5.0,3.0,10.0,Unknown,Bachelor
22,Bekah Martinez[12][16],22.0,"Clovis, California",Nanny,Week 7,5.0,3.0,14.0,Unknown,Bachelor
22,Seinne Fleming[12][18],27.0,"Long Beach, California",Commercial Real Estate Agent,6,,,9.0,Unknown,Bachelor
22,Jacqueline Trumbull[19],26.0,"Morgantown, West Virginia",Research Coordinator,7 ,,,10.0,Unknown,Bachelor
22,Chelsea Roy[12][20][21],29.0,"South Portland, Maine",Real Estate Executive Assistant,Week 6,5.0,3.0,7.0,Unknown,Bachelor
22,Krystal Nielson[25],29.0,"Missoula, Montana",Fitness Coach,10,,,7.0,Unknown,Bachelor
22,Ashley Luebke[6],25.0,"West Palm Beach, Florida",Real Estate Agent,Week 5,5.0,3.0,11.0,Unknown,Bachelor
22,Brittany Taylor[29],30.0,"Belton, South Carolina",Tech Recruiter,Week 4,4.0,4.0,6.0,Unknown,Bachelor
22,Bibiana Julian[12][6],30.0,"Miami, Florida",Executive Assistant,Week 3,3.0,5.0,6.0,Unknown,Bachelor
22,Annaliese Puccini[33],32.0,"San Mateo, California",Event Designer,17,,,4.0,Unknown,Bachelor
22,Lauren Schleyer[11],31.0,"Dallas, Texas",Social Media Manager,18,,,5.0,Unknown,Bachelor
22,"Jennifer ""Jenny"" Delaney[34]",25.0,"Northbrook, Illinois",Graphic Designer,Week 2,2.0,2.0,11.0,Unknown,Bachelor
22,"Alison ""Ali"" Harrington[11]",27.0,"Lawton, Oklahoma",Personal Stylist,Week 1,1.0,1.0,9.0,Unknown,Bachelor
23,Cassie Randolph[14],23.0,"Huntington Beach, California",Speech Pathologist,Winner,1.0,1.0,3.0,Unknown,Bachelor
23,Hannah Godwin[16],23.0,"Birmingham, Alabama",Content Creator,Week 9,6.0,2.0,3.0,Unknown,Bachelor
23,Tayshia Adams[18],28.0,"Santa Ana, California",Phlebotomist,3,,,-2.0,Unknown,Bachelor
23,Caelynn Miller-Keyes[20],23.0,"Fredericksburg, Virginia",Miss North Carolina USA2018,Week 8,5.0,3.0,3.0,Unknown,Bachelor
23,Kirpa Sudick[22],26.0,"Whittier, California",Dental Hygienist,Week 7,5.0,3.0,0.0,Unknown,Bachelor
23,Heather Martin[24],23.0,"Carlsbad, California",Assistant Program Manager,6 ,,,3.0,Unknown,Bachelor
23,Hannah Brown[16],24.0,"Northport, Alabama",Miss Alabama USA2018,7,,,2.0,Unknown,Bachelor
23,Katie Morton[25],26.0,"Oviedo, Florida",Medical Sales Representative,Week 6,5.0,3.0,0.0,Unknown,Bachelor
23,Demi Burnett[27],23.0,"Red Oak, Texas",Interior Designer,9,,,3.0,Unknown,Bachelor
23,Sydney Lotuaco[22],27.0,"Virginia Beach, Virginia",NBA Dancer,10 ,,,-1.0,Unknown,Bachelor
23,Nicole Lopez-Alvar[28],25.0,"Miami, Florida",Social Media Coordinator,Week 5,5.0,3.0,1.0,Unknown,Bachelor
23,Elyse Dehlbom[29],31.0,"Soldotna, Alaska",Makeup Artist,13 ,,,-5.0,Unknown,Bachelor
23,Courtney Curtis[22],23.0,"McDonough, Georgia",Caterer,Week 4,4.0,4.0,3.0,Unknown,Bachelor
23,"Brianna ""Bri"" Barnes[33]",24.0,"Chino Hills, California",Model,Week 3,3.0,5.0,2.0,Unknown,Bachelor
23,Caitlin Clemmens[35],25.0,"Toronto, Ontario",Realtor,19,,,1.0,Unknown,Bachelor
23,Alex Blumberg[22],29.0,"Vancouver, British Columbia",Dog Rescuer,Week 2,2.0,2.0,-3.0,Unknown,Bachelor
23,Alex Dillon[38],23.0,"Dennis, Massachusetts",Sloth,Week 1,1.0,1.0,3.0,Unknown,Bachelor
24,Hannah Ann Sluss[22],23.0,"Powell, Tennessee",Model,Winner,1.0,1.0,5.0,Unknown,Bachelor
24,Madison Prewett[14][23],23.0,"Auburn, Alabama",Foster Parent Recruiter,Runner-up,,,5.0,Unknown,Bachelor
24,Victoria Fuller[25],26.0,"Virginia Beach, Virginia",Medical Sales Rep,Week 9,6.0,2.0,2.0,Unknown,Bachelor
24,Kelsey Weier[12],28.0,"Urbandale, Iowa",Professional Clothier,Week 8,5.0,3.0,0.0,Unknown,Bachelor
24,Kelley Flanagan[27],27.0,"North Barrington, Illinois",Attorney,Week 7,5.0,3.0,1.0,Unknown,Bachelor
24,Natasha Parker[29],31.0,"Manhattan, New York",Event Planner,6,,,-3.0,Unknown,Bachelor
24,Mykenna Dorn[30],22.0,"Langley, British Columbia",Fashion Blogger,Week 6,5.0,3.0,6.0,Unknown,Bachelor
24,Tammy Ly[33],24.0,"Syracuse, New York",House Flipper,9,,,4.0,Unknown,Bachelor
24,Victoria Paul[11][34],27.0,"Alexandria, Louisiana",Nurse,10,,,1.0,Unknown,Bachelor
24,Lexi Buchanan[35],26.0,"Jacksonville, Florida",Marketing Coordinator,Week 5,5.0,3.0,2.0,Unknown,Bachelor
24,Deandra Kanu[37],23.0,"Bar Harbor, Maine",Home Care Coordinator,Week 4,4.0,4.0,5.0,Unknown,Bachelor
24,Alayah Benavidez[10],24.0,"Helotes, Texas",Orthodontist Assistant,16,,,4.0,Unknown,Bachelor
24,Alayah Benavidez,,Week 3,,[18],,,,Unknown,Bachelor
24,Alexa Caves[27],27.0,"Springfield, Illinois",Esthetician,17–19,,,1.0,Unknown,Bachelor
24,Courtney Perry[39],26.0,"Venice, Florida",Cosmetologist,Week 2,2.0,2.0,2.0,Unknown,Bachelor
24,Avonlea Elkins[10],27.0,"Fort Worth, Texas",Cattle Rancher,Week 1,1.0,1.0,1.0,Unknown,Bachelor
25,Rachael Kirkconnell[17],24.0,"Cumming, Georgia",Graphic Designer,Week 1,1.0,1.0,4.0,Unknown,Bachelor
25,Michelle Young[19][20],27.0,"Woodbury, Minnesota",Teacher,Week 3,3.0,5.0,1.0,Unknown,Bachelor
25,"Brianna ""Bri"" Springs[21][22]",24.0,"San Antonio, Texas",Communications Manager,Week 1,1.0,1.0,4.0,Unknown,Bachelor
25,Serena Pitt[24][25],23.0,"Markham, Ontario",Publicist,Week 8,5.0,3.0,5.0,Unknown,Bachelor
25,Pieper James[27],23.0,"Happy Valley, Oregon",Graduate Student,Week 7,5.0,3.0,5.0,Unknown,Bachelor
25,Jessenia Cruz[22],27.0,"El Paso, Texas",Social Media Marketer,6,,,1.0,Unknown,Bachelor
25,Kit Keenan[6],21.0,"Manhattan, New York",Fashion Entrepreneur,7 ,,,7.0,Unknown,Bachelor
25,Abigail Heringer[8][27],25.0,"Salem, Oregon",Client Financial Manager,8,,,3.0,Unknown,Bachelor
25,Chelsea Vaughn[28],28.0,"Marietta, Georgia",Runway Model,Week 6,5.0,3.0,0.0,Unknown,Bachelor
25,Katie Thurston[24][30],29.0,"Lynnwood, Washington",Bank Marketing Manager,11,,,-1.0,Unknown,Bachelor
25,Brittany Galvin[20][31],23.0,"Hinsdale, Illinois",Model,Week 3,3.0,5.0,5.0,Unknown,Bachelor
25,"Mearg ""Magi"" Tareke[32]",32.0,"Adwa, Ethiopia[b]",Pharmacist,Week 1,1.0,1.0,-4.0,Unknown,Bachelor
25,Ryan Claytor[20],26.0,"Mechanicsville, Virginia",Dancer/Choreographer,Week 3,3.0,5.0,2.0,Unknown,Bachelor
25,"Meredith ""MJ"" Snyder[33]",23.0,"Hudson, Ohio",Hairstylist,Week 1,1.0,1.0,5.0,Unknown,Bachelor
25,Catalina Morales[34],29.0,"Caguas, Puerto Rico[c]",FormerMiss Universe Puerto Rico,Week 3,3.0,5.0,-1.0,Unknown,Bachelor
25,Lauren Maddox[36],29.0,"Miami, Florida",Corporate Attorney,Week 1,1.0,1.0,-1.0,Unknown,Bachelor
25,Anna Redman[39][40],24.0,"Owatonna, Minnesota",Copywriter,20,,,4.0,Unknown,Bachelor
25,Kaili Anderson[40],26.0,"San Diego, California",Hostess,Week 3,3.0,5.0,2.0,Unknown,Bachelor
25,"Kimberly ""Kim"" Li[20]",28.0,"Cypress, California",ICU Nurse,Week 3,3.0,5.0,0.0,Unknown,Bachelor
25,Sarah Trott[42],24.0,"Scripps Ranch, California",Broadcast Journalist,Week 1,1.0,1.0,4.0,Unknown,Bachelor
25,Alana Milne[22],26.0,"San Antonio, Texas",Photographer,Week 2,2.0,2.0,2.0,Unknown,Bachelor
25,Alicia Holloway[46],24.0,"Morgantown, West Virginia",Professional Ballerina,Week 1,1.0,1.0,4.0,Unknown,Bachelor
26,Susie Evans[27][28],28.0,"Poquoson, Virginia",Wedding Videographer,Winner,1.0,1.0,0.0,Unknown,Bachelor
26,"Gabriela ""Gabby"" Windey[16][30]",30.0,"O'Fallon, Illinois",ICU Nurse,Runner-Up,,,-2.0,Unknown,Bachelor
26,Susie Evans,,Week 9,[a],[32],,,,Unknown,Bachelor
26,Serene Russell[33],26.0,"Oklahoma City, Oklahoma",Elementary School Teacher,Week 8,5.0,3.0,2.0,Unknown,Bachelor
26,Teddi Wright[31][35],24.0,"Redlands, California",Surgical Unit Nurse,Week 7,5.0,3.0,4.0,Unknown,Bachelor
26,Sarah Hamrick[14][36],23.0,"Spartanburg, South Carolina",Wealth Management Advisor,6,,,5.0,Unknown,Bachelor
26,Genevieve Parisi[37][38],26.0,"Rehoboth, Massachusetts",Bartender,7,,,2.0,Unknown,Bachelor
26,Eliza Isichei[39],25.0,"Tampa, Florida[b]",Marketing Manager,Week 6,5.0,3.0,3.0,Unknown,Bachelor
26,Hunter Haag[42],28.0,"Lake Wylie, South Carolina",Human Resources Specialist,Week 5,5.0,3.0,0.0,Unknown,Bachelor
26,Shanae Ankney[44],29.0,"Sycamore, Ohio",Recruiter,12,,,-1.0,Unknown,Bachelor
26,"Jillian ""Jill"" Chin[37]",26.0,"Scituate, Rhode Island",Architectural Historian,Week 4,4.0,4.0,2.0,Unknown,Bachelor
26,Elizabeth Corrigan[47],32.0,"Highlands Ranch, Colorado",Real Estate Advisor,Week 3,3.0,5.0,-4.0,Unknown,Bachelor
26,Ency Abedin[48],28.0,"Burbank, California",Sales Manager,Week 2,2.0,2.0,0.0,Unknown,Bachelor
26,Cassidy Timbrooks[49],26.0,"Cave Creek, Arizona",Executive Recruiter,22,,,2.0,Unknown,Bachelor
26,Daria Rose[50][51],24.0,"Baldwin, New York",Law Student,Week 1,1.0,1.0,4.0,Unknown,Bachelor
26,Samantha Jeffries[51],26.0,"Dayton, Ohio",Occupational Therapist,29 ,,,2.0,Unknown,Bachelor
26,Claire Heilig[27][51],28.0,"Virginia Beach, Virginia",Spray Tanner,30,,,0.0,Unknown,Bachelor
27,"Kaitlyn ""Kaity"" Biggar[21]",27.0,"Kingston, Ontario",Travel Nurse,Winner,1.0,1.0,-1.0,Unknown,Bachelor
27,"Gabriella ""Gabi"" Elnicki[23]",25.0,"Pittsford, Vermont",Senior Account Executive,Runner-Up,,,1.0,Unknown,Bachelor
27,Ariel Frenkel[10][24],28.0,"Manhattan, New York",Marketing Executive,Week 9,6.0,2.0,-2.0,Unknown,Bachelor
27,Charity Lawson[26],26.0,"Columbus, Georgia",Child and Family Therapist,Week 8,5.0,3.0,0.0,Unknown,Bachelor
27,Katherine Izzo[28],26.0,"Tampa, Florida",Registered Nurse,Week 7,5.0,3.0,0.0,Unknown,Bachelor
27,Brooklyn Willie[6][30],25.0,"Mineola, Texas",Rodeo Racer,6,,,1.0,Unknown,Bachelor
27,Greer Blitzer[31],24.0,"Bellaire, Texas",Medical Sales Representative,7,,,2.0,Unknown,Bachelor
27,"Alyssa ""Aly"" Jacobs[32][33]",26.0,"Smyrna, Georgia",Healthcare Strategist,Week 6,5.0,3.0,0.0,Unknown,Bachelor
27,"Jessica ""Jess"" Girod[33]",23.0,"Winter Springs, Florida",E-Commerce Coordinator,9,,,3.0,Unknown,Bachelor
27,Kylee Russell[35][36],25.0,"Charlotte, North Carolina",Postpartum Nurse,Week 5,5.0,3.0,1.0,Unknown,Bachelor
27,Davia Bunch[8],25.0,"Roebuck, South Carolina",Marketing Manager,Week 4,4.0,4.0,1.0,Unknown,Bachelor
27,Anastasia Keramidas[39],30.0,"Baltimore, Maryland",Content Marketing Manager,14,,,-4.0,Unknown,Bachelor
27,Christina Mandrell[6][7],26.0,"Hendersonville, Tennessee",Content Creator,Week 3,3.0,5.0,0.0,Unknown,Bachelor
27,Brianna Thorbourne[6][41],24.0,"Jersey City, New Jersey",Entrepreneur,16 ,,,2.0,Unknown,Bachelor
27,Bailey Brown[6][42],27.0,"Brentwood, Tennessee",Executive Recruiter,17,,,-1.0,Unknown,Bachelor
27,"Catherine ""Cat"" Wong[6][8]",26.0,"Bushwick, New York",Professional Dancer,Week 2,2.0,2.0,0.0,Unknown,Bachelor
27,Becca Serrano[43],25.0,"Burbank, California",Nursing Student,Week 1,1.0,1.0,1.0,Unknown,Bachelor
27,Madison Johnson[52],26.0,"Fargo, North Dakota",Business Owner,30,,,0.0,Unknown,Bachelor
28,Kelsey Anderson[18],25.0,"Leesville, Louisiana",Junior Project Manager,Winner,1.0,1.0,3.0,Unknown,Bachelor
28,Daisy Kent[20][21],25.0,"Becker, Minnesota",Account Executive,Week 10,6.0,2.0,3.0,Unknown,Bachelor
28,Rachel Nance[22],26.0,"Honolulu, Hawaii",ICU Nurse,Week 9,6.0,2.0,2.0,Unknown,Bachelor
28,Maria Georgas[8][24],29.0,"Kleinburg, Ontario",Executive Assistant,Week 8,5.0,3.0,-1.0,Unknown,Bachelor
28,"Jennifer ""Jenn"" Tran[26][27]",25.0,"Hillsdale, New Jersey",PAStudent,Week 7,5.0,3.0,3.0,Unknown,Bachelor
28,Katelyn DeBacker[30],26.0,"Santa Fe, New Mexico",Radiochemist,Week 6,5.0,3.0,2.0,Unknown,Bachelor
28,Lexi Young[31],30.0,"Pataskala, Ohio",Digital Strategist,9 ,,,-2.0,Unknown,Bachelor
28,"Jessica ""Jess"" Edwards[32]",24.0,"Erwin, Tennessee",Executive Assistant,10,,,4.0,Unknown,Bachelor
28,Autumn Waggoner[33],26.0,"De Soto, Missouri",Account Executive,Week 5,5.0,3.0,2.0,Unknown,Bachelor
28,Allison Hollinger[a][36],26.0,"Dover, Delaware",Realtor,Week 4,4.0,4.0,2.0,Unknown,Bachelor
28,Sydney Gordon[38],28.0,"Newport, Rhode Island",Vintage Store Owner,15,,,0.0,Unknown,Bachelor
28,Chrissa Perez[24][40],26.0,"Abbotsford, British Columbia",Marketing Director,Week 3,3.0,5.0,2.0,Unknown,Bachelor
28,Erika Cardenas[42],25.0,"North Bergen, New Jersey",Leasing Agent,Week 2,2.0,2.0,3.0,Unknown,Bachelor
28,Lauren Hollinger[a][36],28.0,"Dover, Delaware",Registered Nurse,22 ,,,0.0,Unknown,Bachelor
28,Chandler Dewgard[44],24.0,"Brooklyn, New York",Graphic Designer,Week 1,1.0,1.0,4.0,Unknown,Bachelor
29,Alexe Godin[9],27.0,"Néguac, New Brunswick",Pediatric Speech Therapist,Participating,,,3.0,Unknown,Bachelor
29,Alli Jo Hinkes[4][10],30.0,"Freehold, New Jersey",Boxing Trainer,,,,0.0,Unknown,Bachelor
29,Allyshia Gupta[4],29.0,"Wesley Chapel, Florida",Interior Designer,,,,1.0,Unknown,Bachelor
29,Bailey Brown[11][12],27.0,"Atlanta, Georgia",Social Media Manager,,,,3.0,Unknown,Bachelor
29,Beverly Ortega[13],30.0,"Howard Beach, New York",Insurance Salesperson,,,,0.0,Unknown,Bachelor
29,Carolina Quixano[14],28.0,"Guaynabo, Puerto Rico[a]",Public Relations Producer,,,,2.0,Unknown,Bachelor
29,Chloie Costello[14],27.0,"Mission Hills, Kansas",Model,,,,3.0,Unknown,Bachelor
29,Christina Smith[15],26.0,"Kindred, North Dakota",Marketing Director,,,,4.0,Unknown,Bachelor
29,Dina Lupancu[16],31.0,"Willowbrook, Illinois",Attorney,,,,-1.0,Unknown,Bachelor
29,Ella Del Rosario[14],25.0,"Los Angeles, California",Luxury Travel Host,,,,5.0,Unknown,Bachelor
29,J’Nae Squires-Horton[14],28.0,"Colorado Springs, Colorado",Account Coordinator,,,,2.0,Unknown,Bachelor
29,Juliana Pasquarosa[17][18],28.0,"Newton, Massachusetts",Client Service Associate,,,,2.0,Unknown,Bachelor
29,Kelsey Curtis[19],26.0,"Clarksville, Maryland",Interior Designer,,,,4.0,Unknown,Bachelor
29,Kyleigh Henrich[20],26.0,"Glen Rose, Texas",Retail Manager,,,,4.0,Unknown,Bachelor
29,Litia Garr[14],31.0,"Soda Springs, Idaho",Venture Capitalist,,,,-1.0,Unknown,Bachelor
29,Natalie Phillips[21],25.0,"Seattle, Washington",PhD Student,,,,5.0,Unknown,Bachelor
29,Neicey Baxter[22][23],32.0,"Blythewood, South Carolina",Pediatrician,,,,-2.0,Unknown,Bachelor
29,Parisa Shifteh[24],29.0,"Birmingham, Michigan",Pediatric Behavior Analyst,,,,1.0,Unknown,Bachelor
29,Radhika Gupta[25],28.0,"Floral Park, New York",Attorney,,,,2.0,Unknown,Bachelor
29,Rebekah Garrett[26],31.0,"Dallas, Texas",ICU Nurse,,,,-1.0,Unknown,Bachelor
29,Rose Sombke[14],27.0,"Rockford, Illinois",Registered Nurse,,,,3.0,Unknown,Bachelor
29,Sarafiena Watkins[13],29.0,"Cos Cob, Connecticut",Associate Media Director,,,,1.0,Unknown,Bachelor
29,Savannah Quinn[27],27.0,"Charlottesville, Virginia",Wedding Planner,,,,3.0,Unknown,Bachelor
29,Vicky Nyamuswa[14],28.0,"Henderson, Nevada",Nightclub Server,,,,2.0,Unknown,Bachelor
29,Zoe McGrady[20],27.0,"Chester, Virginia",Tech Engineer / Model,,,,3.0,Unknown,Bachelor
1,Ryan Sutter,28.0,"Vail, Colorado",Firefighter,Winner,1.0,1.0,1.0,Unknown,Bachelorette
1,Charlie Maher,28.0,"Hermosa Beach, California",Financial Analyst,Runner-up,,,1.0,Unknown,Bachelorette
1,Russell Woods,31.0,"San Rafael, California",Writer,Week 5,5.0,3.0,-2.0,Unknown,Bachelorette
1,Greg Todtman,28.0,"Manhattan, New York",Importer,Week 4,4.0,4.0,1.0,Unknown,Bachelorette
1,Bob Guiney,31.0,"Ferndale, Michigan",Mortgage Broker,Week 3,3.0,5.0,-2.0,Unknown,Bachelorette
1,Jamie Blyth,27.0,"Chicago, Illinois",Professional Basketball Player,Week 3,3.0,5.0,2.0,Unknown,Bachelorette
1,Mike Cousino,24.0,"Cincinnati, Ohio",Sales and Consulting,Week 3,3.0,5.0,5.0,Unknown,Bachelorette
1,Rob Fayard,29.0,"Dallas, Texas",Computer Programmer,Week 3,3.0,5.0,0.0,Unknown,Bachelorette
1,Brian Ching,28.0,"Dallas, Texas",Mortgage Broker,Week 2,2.0,2.0,1.0,Unknown,Bachelorette
1,Brian S.,28.0,"Dallas, Texas",Sales Engineer,Week 2,2.0,2.0,1.0,Unknown,Bachelorette
1,Brook Pemberton,29.0,"Dallas, Texas",Rodeo Cowboy,Week 2,2.0,2.0,0.0,Unknown,Bachelorette
1,Jack French,27.0,"Pepper Pike, Ohio",Firefighter,Week 2,2.0,2.0,2.0,Unknown,Bachelorette
1,Jeff Popovich,25.0,"San Diego, California",Professional Football Player,Week 2,2.0,2.0,4.0,Unknown,Bachelorette
1,Josh Krone,31.0,"Boca Raton, Florida",Radio Advertising Executive,Week 2,2.0,2.0,-2.0,Unknown,Bachelorette
1,Brian Hrouda,30.0,"Cleveland, Ohio",National Sales Manager,Week 2 (Quit),2.0,2.0,-1.0,Unknown,Bachelorette
1,Billy Peralta,28.0,"Hermosa Beach, California",Firefighter,Week 1,1.0,1.0,1.0,Unknown,Bachelorette
1,Brian K.,31.0,"San Francisco, California",Breast Implant Sales,Week 1,1.0,1.0,-2.0,Unknown,Bachelorette
1,Chris Tunnessen,35.0,"Sugarloaf, Pennsylvania",V.P. of Auto Parts Company,Week 1,1.0,1.0,-6.0,Unknown,Bachelorette
1,Duane Ruzynski,28.0,"Chisago City, Minnesota",Flight Instructor,Week 1,1.0,1.0,1.0,Unknown,Bachelorette
1,Eric,33.0,"St. Louis, Missouri",Commercial Pilot,Week 1,1.0,1.0,-4.0,Unknown,Bachelorette
1,Gregg Holland,34.0,"Freehold, New Jersey",Marble Company Owner,Week 1,1.0,1.0,-5.0,Unknown,Bachelorette
1,Matt Swogger,42.0,"Marina Del Rey, California",Gym Owner,Week 1,1.0,1.0,-13.0,Unknown,Bachelorette
1,Paul Kanoho,26.0,"Honolulu, Hawaii",Telecommunications,Week 1,1.0,1.0,3.0,Unknown,Bachelorette
1,Peter Dizdar,25.0,"Great Neck, New York",Construction Business Owner,Week 1,1.0,1.0,4.0,Unknown,Bachelorette
1,Wayne Johnson,37.0,"Sacramento, California",Commercial Pilot,Week 1,1.0,1.0,-8.0,Unknown,Bachelorette
2,Ian McKee,29.0,"New York, New York",Equity Research Salesman,Winner,1.0,1.0,-1.0,Unknown,Bachelorette
2,Matthew Hickl,28.0,"Friendswood, Texas",Pharmaceutical Sales Rep,Episode 8,,,0.0,Unknown,Bachelorette
2,Chad Schlee,31.0,"Buffalo, New York",Pharmaceutical Sales Rep,Episode 6,,,-3.0,Unknown,Bachelorette
2,Lanny Lawrence,26.0,"Aubrey, Texas",Stallion and Breeding Manager,Episode 5,,,2.0,Unknown,Bachelorette
2,Brad Andrzejewski,29.0,"Grand Rapids, Michigan",Pharmaceutical Sales Rep,Episode 4,,,-1.0,Unknown,Bachelorette
2,Ryan Morelli,30.0,"Santa Barbara, California",Financial Advisor,Episode 4,,,-2.0,Unknown,Bachelorette
2,Sean Denham,31.0,"Wall, New Jersey",Certified Public Accountant,Episode 4,,,-3.0,Unknown,Bachelorette
2,Rick Enrico,29.0,"San Diego, California",Business Manager,Episode 3,,,-1.0,Unknown,Bachelorette
2,Ryan Reeve,29.0,"Wynola, California",Sales/Marketing,Episode 3,,,-1.0,Unknown,Bachelorette
2,Todd Hedrick,36.0,"San Francisco, California",Options Trader,Episode 3,,,-8.0,Unknown,Bachelorette
2,Damon Bowers,28.0,"Cardiff, California",Arena Football Player,Episode 2,,,0.0,Unknown,Bachelorette
2,Eliot Wheeler,25.0,"Mountain View, California",Options Trader,Episode 2,,,3.0,Unknown,Bachelorette
2,Harold Hersh,29.0,"Rock Island, Illinois",Professional Hockey Player,Episode 2,,,-1.0,Unknown,Bachelorette
2,Marcus Pierce,26.0,"Los Angeles, California",Personal Trainer,Episode 2,,,2.0,Unknown,Bachelorette
2,Robert Townsend,32.0,"El Segundo, California",Alliance Development,Episode 2,,,-4.0,Unknown,Bachelorette
2,Aaron Holliday,32.0,"Sacramento, California",Title and Escrow Sales,Episode 1,,,-4.0,Unknown,Bachelorette
2,Andy Chang,33.0,"Dallas, Texas",Dentist,Episode 1,,,-5.0,Unknown,Bachelorette
2,Anselm Clinard,32.0,"Venice, California",Art Designer,Episode 1,,,-4.0,Unknown,Bachelorette
2,Brian Holden,31.0,"Quincy, Massachusetts",Attorney,Episode 1,,,-3.0,Unknown,Bachelorette
2,Chris Ritter,31.0,"Boston, Massachusetts",Accountant,Episode 1,,,-3.0,Unknown,Bachelorette
2,Cory Higgins,24.0,"Long Beach Island,New Jersey",Small Business Owner,Episode 1,,,4.0,Unknown,Bachelorette
2,Jeff O'Quinn,30.0,"Macon, Georgia",Pharmaceutical Sales Rep,Episode 1,,,-2.0,Unknown,Bachelorette
2,Justin Sherrod,25.0,"Orlando, Florida",Professional Baseball Player,Episode 1,,,3.0,Unknown,Bachelorette
2,Keith Kormanik,31.0,"Baltimore, Maryland",Financial Analyst,Episode 1,,,-3.0,Unknown,Bachelorette
2,Trever Kalan,35.0,"North Wales, Pennsylvania",Restaurateur,Episode 1,,,-7.0,Unknown,Bachelorette
3,Jerry Ferris[7],29.0,"Los Angeles, California",Art Gallery Director,Winner,1.0,1.0,-1.0,Unknown,Bachelorette
3,John Paul Merritt,25.0,"Oklahoma City, Oklahoma",Entrepreneur,Episode 8,,,3.0,Unknown,Bachelorette
3,Ryan Sheaffer,28.0,"Manhattan Beach, California",Teacher,Episode 6,,,0.0,Unknown,Bachelorette
3,Wendell Jisa,32.0,"Chicago, Illinois",Entrepreneur,Episode 5,,,-4.0,Unknown,Bachelorette
3,Fabrice Le Parc,25.0,"New York City, New York","Entrepreneur, Investor",Episode 4,,,3.0,Unknown,Bachelorette
3,Ben Sands,26.0,"Aspen, Colorado",Ski Instructor,Episode 4,,,2.0,Unknown,Bachelorette
3,Josh Cox,28.0,"Murrieta, California",Professional Marathoner,Episode 3,,,0.0,Unknown,Bachelorette
3,Keith Bruno,28.0,"Encinitas, California",Welder,Episode 3,,,0.0,Unknown,Bachelorette
3,A.W. Webb,27.0,"Newport Beach, California",Mortgage Consultant,Episode 2,,,1.0,Unknown,Bachelorette
3,Jason Illian,29.0,"Fort Worth, Texas",Motivational Speaker,Episode 2,,,-1.0,Unknown,Bachelorette
3,Mark DeMascole,30.0,"Carlsbad, California",Commercial Finance,Episode 2,,,-2.0,Unknown,Bachelorette
3,Matt Mills,32.0,"Manor Heights, New York",Firefighter,Episode 2,,,-4.0,Unknown,Bachelorette
3,Michael Foster,31.0,"Monroe, Michigan",Teacher,Episode 2,,,-3.0,Unknown,Bachelorette
3,Ryan Smith,34.0,"Germantown, Pennsylvania",Lawyer,Episode 2,,,-6.0,Unknown,Bachelorette
3,"Stuart ""Stu"" Lopoten",27.0,"Willowyck, Pennsylvania",Lawyer,Episode 2,,,1.0,Unknown,Bachelorette
3,Andrew Maloney,37.0,"New York, New York",Bartender,Episode 1,,,-9.0,Unknown,Bachelorette
3,Andy LeRoy,29.0,"Steamboat Springs, Colorado",Ski Coach,Episode 1,,,-1.0,Unknown,Bachelorette
3,Chris Campbell,27.0,"Campton, Kentucky",Hairdresser,Episode 1,,,1.0,Unknown,Bachelorette
3,Chris Miller,33.0,"Cleveland, Ohio",Sports Agent,Episode 1,,,-5.0,Unknown,Bachelorette
3,Collin Evans,27.0,"Austin, Texas",Sports Agent,Episode 1,,,1.0,Unknown,Bachelorette
3,David Vargas,30.0,"Chicago, Illinois",Marketing Consultant,Episode 1,,,-2.0,Unknown,Bachelorette
3,Eric Hagerman,35.0,"New York, New York",Magazine Editor,Episode 1,,,-7.0,Unknown,Bachelorette
3,Eric Topacio,37.0,"San Diego, California",Firefighter,Episode 1,,,-9.0,Unknown,Bachelorette
3,Kevin,26.0,"New York, New York",Consultant,Episode 1,,,2.0,Unknown,Bachelorette
3,Matt Lipson,33.0,"Manhattan Beach, California",Lawyer,Episode 1,,,-5.0,Unknown,Bachelorette
4,Jesse Csincsak,26.0,"Breckenridge, Colorado",Professional Snowboarder,Winner,1.0,1.0,0.0,Unknown,Bachelorette
4,Jason Mesnick,31.0,"Kirkland, Washington",Account Executive,Runner-up,,,-5.0,Unknown,Bachelorette
4,Jeremy Anderson,30.0,"Dallas, Texas",Real Estate Attorney,Week 7,5.0,3.0,-4.0,Unknown,Bachelorette
4,Graham Bunn,29.0,"Raleigh, North Carolina",Professional Basketball Player,Week 6,5.0,3.0,-3.0,Unknown,Bachelorette
4,Sean Ramey,33.0,"Louisville, Kentucky",Martial Artist,Week 5,5.0,3.0,-7.0,Unknown,Bachelorette
4,Brian Westendorf,31.0,"Balch Springs, Texas",High School Football Coach,Week 4,4.0,4.0,-5.0,Unknown,Bachelorette
4,"Frederick ""Fred"" Greif",30.0,"Skokie, Illinois",Lawyer,8,,,-4.0,Unknown,Bachelorette
4,Robert Fair,28.0,"Burlingame, California",Chef,9,,,-2.0,Unknown,Bachelorette
4,Paul Brosseau,23.0,"Bonnyville, Alberta",Sales Manager,Week 3,3.0,5.0,3.0,Unknown,Bachelorette
4,Richard Mathy,27.0,"Sauquoit, New York",Science Teacher,12,,,-1.0,Unknown,Bachelorette
4,Chris Bradshaw,29.0,"Fort Worth, Texas",Medical Sales Rep,Week 2,2.0,2.0,-3.0,Unknown,Bachelorette
4,Brian Winchester,29.0,"New Castle, Indiana",Computer Network Consultant,Week 1,1.0,1.0,-3.0,Unknown,Bachelorette
5,Ed Swiderski[3][4],29.0,"Monroe, Michigan",Technology Consultant,Winner,1.0,1.0,0.0,Unknown,Bachelorette
5,Kiptyn Locke[5],31.0,"Encinitas, California",Business Developer,Runner-up,,,-2.0,Unknown,Bachelorette
5,Reid Rosenthal[6],30.0,"Upper Dublin, Pennsylvania",Realtor,Week 9,6.0,2.0,-1.0,Unknown,Bachelorette
5,Wes Hayden[6][7],32.0,"Huntsville, Texas",Musician,Week 8,5.0,3.0,-3.0,Unknown,Bachelorette
5,Jesse Kovacs[8],27.0,"Carmel Valley, California",Wine Maker,Week 7,5.0,3.0,2.0,Unknown,Bachelorette
5,Jake Pavelka[9],31.0,"Denton, Texas",Commercial Pilot,Week 6,5.0,3.0,-2.0,Unknown,Bachelorette
5,Robby Descant[7],25.0,"Spring, Texas",Bartender,9,,,4.0,Unknown,Bachelorette
5,Mark Huebner[10],26.0,"Woodstock, Illinois",Pizza Entrepreneur,Week 5,5.0,3.0,3.0,Unknown,Bachelorette
5,David Good[11],27.0,"West Alexandria, Ohio",Trucking Contractor,Week 4,4.0,4.0,2.0,Unknown,Bachelorette
5,Mike Steinberg,28.0,"New York, New York",Baseball Camp Owner,13,,,1.0,Unknown,Bachelorette
5,Brad Seberhagen,27.0,"Park Ridge, Illinois",Financial Advisor,Week 3,3.0,5.0,2.0,Unknown,Bachelorette
5,"Alexander ""Sasha"" Petrovic[7][13]",27.0,"Houston, Texas",Oil & Gas Consultant,16,,,2.0,Unknown,Bachelorette
5,Brian Duke,32.0,"Birmingham, Alabama",IT Consultant,Week 2,2.0,2.0,-3.0,Unknown,Bachelorette
5,Adam Duvendeck,27.0,"Santa Barbara, California",Olympic Cyclist,Week 1,1.0,1.0,2.0,Unknown,Bachelorette
6,Roberto Martinez[3][4],26.0,"Tampa, Florida",Insurance Agent,Winner,1.0,1.0,-1.0,Unknown,Bachelorette
6,Chris Lambton[3][5],33.0,"Dennis, Massachusetts",Landscaper,Runner-up,,,-8.0,Unknown,Bachelorette
6,Frank Neuschaefer[3][6],31.0,"Bartlett, Illinois",Retail Manager,Week 9,6.0,2.0,-6.0,Unknown,Bachelorette
6,Kirk DeWindt[3][7],27.0,"Green Bay, Wisconsin",Sales Consultant,Week 8,5.0,3.0,-2.0,Unknown,Bachelorette
6,"Tyrone ""Ty"" Brown[3][8]",31.0,"Booneville, Mississippi",Medical Sales,Week 7,5.0,3.0,-6.0,Unknown,Bachelorette
6,Craig Robinson[9],27.0,"Langhorne, Pennsylvania",Lawyer,Week 6,5.0,3.0,-2.0,Unknown,Bachelorette
6,Justin Rego[3][10],26.0,"Toronto,Ontario",Entertainment Wrestler,7 (DQ),,,-1.0,Unknown,Bachelorette
6,Chris Nordhorn[3][11][12][13],29.0,"Winter Park, Florida",Entrepreneur,Week 5,5.0,3.0,-4.0,Unknown,Bachelorette
6,Kasey Kahl[3],27.0,"Clovis, California",Advertising Account Executive,9,,,-2.0,Unknown,Bachelorette
6,Jesse Beck[3],24.0,"Peculiar, Missouri",General Contractor,Week 4,4.0,4.0,1.0,Unknown,Bachelorette
6,John Crivello[3],32.0,"Mukilteo, Washington",Hotel Business Development,Week 3,3.0,5.0,-7.0,Unknown,Bachelorette
6,Hunter Wagner[3],28.0,"Fair Oaks Ranch, Texas",Internet Account Executive,14,,,-3.0,Unknown,Bachelorette
6,Chris Hasek-Watt[3],27.0,"Campbell River, British Columbia",Real Estate Developer,Week 2,2.0,2.0,-2.0,Unknown,Bachelorette
6,Derek Columbia,28.0,"Warren, Michigan",Sales Manager,Week 1,1.0,1.0,-3.0,Unknown,Bachelorette
7,J.P. Rosenbaum[5][6],34.0,"Roslyn, New York",Construction Manager,Winner,1.0,1.0,-7.0,Unknown,Bachelorette
7,Ben Flajnik[7][8],28.0,"Sonoma, California",Wine Maker,Runner-up,,,-1.0,Unknown,Bachelorette
7,Constantine Tzortzis[7][9],30.0,"Cumming, Georgia",Restaurant Owner,Week 9,6.0,2.0,-3.0,Unknown,Bachelorette
7,Ames Brown[7][10],31.0,"Chadds Ford, Pennsylvania",Portfolio Manager,Week 8,5.0,3.0,-4.0,Unknown,Bachelorette
7,Lucas Daniels[7][11],30.0,"Odessa, Texas",Oilfield Equipment Distributor,Week 7,5.0,3.0,-3.0,Unknown,Bachelorette
7,Ryan Park[7][12],31.0,"San Luis Obispo, California",Solar Energy Executive,6,,,-4.0,Unknown,Bachelorette
7,Blake Julian[7][13],27.0,"Steamboat Springs, Colorado",Dentist,Week 6,5.0,3.0,0.0,Unknown,Bachelorette
7,"Ryan ""Mickey"" McLean[7][14]",31.0,"Rochester, New York",Chef,8 ,,,-4.0,Unknown,Bachelorette
7,Nick Peterson[7][15],26.0,"Odessa, Florida",Personal Trainer,Week 5,5.0,3.0,1.0,Unknown,Bachelorette
7,William Holman[7],30.0,"Fostoria, Ohio",Cellular Phone Salesman,10,,,-3.0,Unknown,Bachelorette
7,Ben Castoriano[7][16],28.0,"Lake Charles, Louisiana",Lawyer,11,,,-1.0,Unknown,Bachelorette
7,Adam West Lee[7],30.0,"Walhalla, South Carolina",Lawyer,Week 4,4.0,4.0,-3.0,Unknown,Bachelorette
7,Chris Drish[7],25.0,"Moline, Illinois",Sports Marketing Coordinator,Week 3,3.0,5.0,2.0,Unknown,Bachelorette
7,Bentley Williams[7][12],28.0,"Alpine, Utah",Businessman,15 ,,,-1.0,Unknown,Bachelorette
7,Matt Colombo[19],28.0,"Bridgewater, Massachusetts",Office Supply Salesman,Week 2,2.0,2.0,-1.0,Unknown,Bachelorette
7,Anthony Santucci[7],28.0,"Saddle River, New Jersey",Butcher,Week 1,1.0,1.0,-1.0,Unknown,Bachelorette
7,Tim McCormack[21],35.0,"Massapequa, New York",Liquor Distributor,25,,,-8.0,Unknown,Bachelorette
8,"Jeffrey ""Jef"" Holm[13]",27.0,"St. George, Utah",Entrepreneur,Winner,1.0,1.0,-1.0,Unknown,Bachelorette
8,Arie Luyendyk Jr.[14],30.0,"Scottsdale, Arizona",Race Car Driver,Runner-up,,,-4.0,Unknown,Bachelorette
8,Sean Lowe[15][16],28.0,"Irving, Texas",Insurance Agent,Week 9,6.0,2.0,-2.0,Unknown,Bachelorette
8,Chris Bukowski[17],25.0,"Bartlett, Illinois",Corporate Sales Director,Week 8,5.0,3.0,1.0,Unknown,Bachelorette
8,John Wolfner[18],30.0,"Creve Coeur, Missouri",Data Destruction Specialist,Week 7,5.0,3.0,-4.0,Unknown,Bachelorette
8,Doug Clerget[19],33.0,"Tacoma, Washington",Real Estate Agent,6,,,-7.0,Unknown,Bachelorette
8,Ryan Bowers[15],31.0,"Evans, Georgia",Pro Sports Trainer,Week 6,5.0,3.0,-5.0,Unknown,Bachelorette
8,Travis Pope[18],30.0,"Madison, Mississippi",Advertising Sales Representative,8,,,-4.0,Unknown,Bachelorette
8,Alejandro Velez[20],25.0,"Medellín, Colombia",Mushroom Farmer,Week 5,5.0,3.0,1.0,Unknown,Bachelorette
8,Kalon McMahon[18],27.0,"Houston, Texas",Luxury Brand Consultant,10,,,-1.0,Unknown,Bachelorette
8,Charlie Grogan[21],32.0,"Worcester, Massachusetts",Recruiter,Week 4,4.0,4.0,-6.0,Unknown,Bachelorette
8,Nathan Bakke[22],25.0,"Casa Grande, Arizona",Accountant,13,,,1.0,Unknown,Bachelorette
8,Stevie Alberino,26.0,"Monroe Township, New Jersey",Party M.C.,Week 3,3.0,5.0,0.0,Unknown,Bachelorette
8,Alessandro Goulart[23],30.0,"Saint Paul, Minnesota",Grain Merchant,15,,,-4.0,Unknown,Bachelorette
8,Tony Pieper[23],31.0,"Beaverton, Oregon",Lumber Trader,16,,,-5.0,Unknown,Bachelorette
8,Aaron Martell[24][25],36.0,"North Sydney, Nova Scotia",Biology Teacher,Week 2,2.0,2.0,-10.0,Unknown,Bachelorette
8,Joe Gendreau[24][26],27.0,"Orlando, Florida",Field Energy Adviser,19,,,-1.0,Unknown,Bachelorette
8,Brent Strandy[24],41.0,"Midland, Texas",Technology Salesman,Week 1,1.0,1.0,-15.0,Unknown,Bachelorette
9,Chris Siegfried[7],27.0,"McMinnville, Oregon",Mortgage Broker,Winner,1.0,1.0,0.0,Unknown,Bachelorette
9,Drew Kenney[9],27.0,"Scottsdale, Arizona",Digital Marketing Analyst,Runner-Up,,,0.0,Unknown,Bachelorette
9,Brooks Forester,28.0,"Blackfoot, Idaho",Sales Rep,Week 9,6.0,2.0,-1.0,Unknown,Bachelorette
9,Zak Waddell[11],31.0,"Arlington, Texas",Drilling Fluid Engineer,Week 8,5.0,3.0,-4.0,Unknown,Bachelorette
9,Michael Garofola[13],33.0,"Lindenhurst, New York",Federal Prosecutor,Week 7,5.0,3.0,-6.0,Unknown,Bachelorette
9,James Case[9][15],27.0,"Marietta, Georgia",Advertising Executive,Week 6,5.0,3.0,0.0,Unknown,Bachelorette
9,Mikey Tenerelli[9][15],30.0,"Glen Ellyn, Illinois",Plumbing Contractor,Week 5,5.0,3.0,-3.0,Unknown,Bachelorette
9,Ben Scott[20],28.0,"Lubbock, Texas",Entrepreneur,10,,,-1.0,Unknown,Bachelorette
9,Bryden Vukasin[21],26.0,"Havre, Montana",Iraq War Veteran,11 ,,,1.0,Unknown,Bachelorette
9,Zack Kalter[22],28.0,"Phillips Ranch, California",Book Publisher,Week 4,4.0,4.0,-1.0,Unknown,Bachelorette
9,Brad McKinzie[22],27.0,"Denver, Colorado",Accountant/DJ,13,,,0.0,Unknown,Bachelorette
9,Brandon Andreen[24],26.0,"Blaine, Minnesota",Painting Contractor,Week 3,3.0,5.0,1.0,Unknown,Bachelorette
9,Brian Jarosinski[27][28],29.0,"Olney, Maryland",Financial Advisor,16 (DQ),,,-2.0,Unknown,Bachelorette
9,Nick Mucci[29],27.0,"Rochester, New York",Investment Adviser,Week 2,2.0,2.0,0.0,Unknown,Bachelorette
9,Diogo Custodio,29.0,"Penha,Brazil[b]",Ski Resort Manager,Week 1,1.0,1.0,-2.0,Unknown,Bachelorette
9,Jonathan Vollinger[34],26.0,"Hickory, North Carolina",Lawyer,25,,,1.0,Unknown,Bachelorette
10,Josh Murray[6][8],29.0,"Tampa, Florida",Former Professional Baseball Player,Winner,1.0,1.0,-2.0,Unknown,Bachelorette
10,Nick Viall[10][11],33.0,"Waukesha, Wisconsin",Software Sales Executive,Runner-up,,,-6.0,Unknown,Bachelorette
10,Chris Soules[12],32.0,"Arlington, Iowa",Farmer,Week 9,6.0,2.0,-5.0,Unknown,Bachelorette
10,Marcus Grodd[14],25.0,"Medicine Hat, Alberta",Sports Medicine Manager,Week 8,5.0,3.0,2.0,Unknown,Bachelorette
10,Brian Osborne[16],27.0,"Camp Hill, Pennsylvania",Basketball Coach,Week 7,5.0,3.0,0.0,Unknown,Bachelorette
10,J.J. O'Brien[10][19],30.0,"Hanover, Massachusetts",Pantsapreneur,Week 6,5.0,3.0,-3.0,Unknown,Bachelorette
10,Cody Sattler[10][21],28.0,"Oakley, Kansas",Personal Trainer,8,,,-1.0,Unknown,Bachelorette
10,Andrew Poole[22],30.0,"Portola Valley, California",Social Media Marketer,Week 5,5.0,3.0,-3.0,Unknown,Bachelorette
10,Tasos Hernandez[26],30.0,"Denver, Colorado",Wedding Event Coordinator,Week 4,4.0,4.0,-3.0,Unknown,Bachelorette
10,Eric Hill[6][10][28][29],,"Citrus Heights, California",Explorer,13,,,,Unknown,Bachelorette
10,Bradley Wisk[30],32.0,"Grosse Pointe, Michigan",Opera Singer,Week 3,3.0,5.0,-5.0,Unknown,Bachelorette
10,Ron Worrell[34],28.0,"Nahariya, Israel[b]",Beverage Sales Manager,16 ,,,-1.0,Unknown,Bachelorette
10,Carl King[35],30.0,"Hollywood, California",Firefighter,Week 2,2.0,2.0,-3.0,Unknown,Bachelorette
10,Emil Schaffroth[38],33.0,"Portland, Oregon",Helicopter Pilot,Week 1,1.0,1.0,-6.0,Unknown,Bachelorette
11,Shawn Booth[8],28.0,"Windsor Locks, Connecticut",Personal Trainer,Winner,1.0,1.0,1.0,Unknown,Bachelorette
11,Nick Viall[10],34.0,"Waukesha, Wisconsin",Software Sales Executive,Runner-up,,,-5.0,Unknown,Bachelorette
11,Ben Higgins[11][12],26.0,"Warsaw, Indiana",Software Salesman,Week 8,5.0,3.0,3.0,Unknown,Bachelorette
11,Jared Haibon[14],26.0,"Warwick, Rhode Island",Restaurant Manager,Week 7,5.0,3.0,3.0,Unknown,Bachelorette
11,Joe Bailey[16][17],28.0,"Glasgow, Kentucky",Insurance Agent,5,,,1.0,Unknown,Bachelorette
11,Chris Strandburg[16],28.0,"Granite Bay, California",Dentist,6,,,1.0,Unknown,Bachelorette
11,Ben Zorn[16][18],26.0,"Falls Church, Virginia",Fitness Coach,Week 6,5.0,3.0,3.0,Unknown,Bachelorette
11,"John ""JJ"" Lane III[12]",32.0,"Dacono, Colorado",Former Investment Banker,9,,,-3.0,Unknown,Bachelorette
11,Joshua Albers[21],31.0,"Kuna, Idaho",Industrial Welder,Week 5,5.0,3.0,-2.0,Unknown,Bachelorette
11,Ian Thomson[16],28.0,"Ramsey, New Jersey",Executive Recruiter,12 ,,,1.0,Unknown,Bachelorette
11,Corey Stansell[24],30.0,"Midtown Manhattan, New York",Investment Banker,Week 4,4.0,4.0,-1.0,Unknown,Bachelorette
11,Clint Arlis[16][23][28],27.0,"Batavia, Illinois",Architectural Engineer,Week 3,3.0,5.0,2.0,Unknown,Bachelorette
11,Tony Harris[30][31],35.0,"St. Louis, Missouri",Healer,17 ,,,-6.0,Unknown,Bachelorette
11,Cory Shivar[31][32],35.0,"Seven Springs, North Carolina",Residential Developer,Week 2,2.0,2.0,-6.0,Unknown,Bachelorette
11,Kupah James[34],32.0,"Boston, Massachusetts",Entrepreneur,20,,,-3.0,Unknown,Bachelorette
11,Bradley Cox[35],25.0,"Duluth, Georgia",International Auto Shipper,Week 1,1.0,1.0,4.0,Unknown,Bachelorette
11,Brady Toops[39],33.0,"Wauseon, Ohio",Singer/Songwriter,25 ,,,-4.0,Unknown,Bachelorette
11,Ryan McDill[20][40],28.0,"Kansas City, Missouri",Junkyard Specialist,26 (DQ)[a],,,1.0,Unknown,Bachelorette
12,Jordan Rodgers[13],27.0,"Chico, California",Former Pro Quarterback,Winner,1.0,1.0,-2.0,Unknown,Bachelorette
12,Robby Hayes[15],27.0,"St. Augustine, Florida",Former Competitive Swimmer,Runner-up,,,-2.0,Unknown,Bachelorette
12,Chase McNary[16],27.0,"Castle Rock, Colorado",Medical Sales Rep,Week 9,6.0,2.0,-2.0,Unknown,Bachelorette
12,Luke Pell[13],31.0,"Burnet, Texas",WarVeteran,Week 8,5.0,3.0,-6.0,Unknown,Bachelorette
12,James Taylor[18],29.0,"Katy, Texas",Singer-Songwriter,Week 7,5.0,3.0,-4.0,Unknown,Bachelorette
12,Alex Woytkiw[20],25.0,"Oceanside, California",U.S. Marine,6,,,0.0,Unknown,Bachelorette
12,Derek Peth[21],29.0,"Waverly, Iowa",Commercial Banker,Week 6,5.0,3.0,-4.0,Unknown,Bachelorette
12,Wells Adams[23][24][25],31.0,"Monterey, California",Radio DJ,8,,,-6.0,Unknown,Bachelorette
12,Evan Bass[13][23],33.0,"Hartford, Connecticut",Erectile Dysfunction Specialist,Week 5,5.0,3.0,-8.0,Unknown,Bachelorette
12,Daniel Maguire[28],31.0,"Lions Bay, British Columbia",Male Model,Week 4,4.0,4.0,-6.0,Unknown,Bachelorette
12,Chad Johnson[13],28.0,"Jenks, Oklahoma",Real Estate Agent,14,,,-3.0,Unknown,Bachelorette
12,Ali Zahiri[30],27.0,"Santa Monica, California",Bartender,Week 3,3.0,5.0,-2.0,Unknown,Bachelorette
12,Brandon Howell[30],28.0,"Marysville, Washington",Hipster,Week 2,2.0,2.0,-3.0,Unknown,Bachelorette
12,"Colin ""Coley"" Knust[36]",27.0,"Lincoln Park, Illinois",Real Estate Consultant,Week 1,1.0,1.0,-2.0,Unknown,Bachelorette
13,Bryan Abasolo[6][7],37.0,"Miami, Florida",Chiropractor,Winner,1.0,1.0,-5.0,Unknown,Bachelorette
13,Peter Kraus[9],31.0,"Cottage Grove, Wisconsin",Business Owner,Runner-Up,,,1.0,Unknown,Bachelorette
13,Eric Bigger[10],29.0,"Baltimore, Maryland",Personal Trainer,Week 9,6.0,2.0,3.0,Unknown,Bachelorette
13,Dean Unglert[7][11],26.0,"Basalt, Colorado",Startup Recruiter,Week 8,5.0,3.0,6.0,Unknown,Bachelorette
13,Adam Gottschalk[13],27.0,"Dallas, Texas",Real Estate Agent,Week 7,5.0,3.0,5.0,Unknown,Bachelorette
13,Matt Munson[15],32.0,"Meriden, Connecticut",Construction Sales Rep,6,,,0.0,Unknown,Bachelorette
13,Alex Bordyukov[16],28.0,"Grosse Pointe, Michigan",Information Systems Supervisor,Week 6,5.0,3.0,4.0,Unknown,Bachelorette
13,Will Gaskins[6],28.0,"White Plains, New York",Sales Manager,8,,,4.0,Unknown,Bachelorette
13,Kenny Layne[7][18][19],35.0,"Orlando, Florida",Professional Wrestler,9,,,-3.0,Unknown,Bachelorette
13,Anthony Battle[9],26.0,"Dolton, Illinois",Education Software Manager,Week 5,5.0,3.0,6.0,Unknown,Bachelorette
13,Lee Garrett[18],30.0,"Jacksonville, Florida",Singer/Songwriter,12,,,2.0,Unknown,Bachelorette
13,"Ignacio ""Iggy"" Rodriguez[9]",30.0,"Pasadena, California",Consulting Firm CEO,Week 4,4.0,4.0,2.0,Unknown,Bachelorette
13,Jack Stone[13],32.0,"Dallas, Texas",Attorney,15,,,0.0,Unknown,Bachelorette
13,Brady Ervin[6],29.0,"Eden Prairie, Minnesota",Male Model,Week 3,3.0,5.0,3.0,Unknown,Bachelorette
13,Fred Johnson[7][13],27.0,"Dallas, Texas",Executive Assistant,19,,,5.0,Unknown,Bachelorette
13,Blake Elarbee[26],31.0,"Marina del Rey, California",Aspiring Drummer,Week 2,2.0,2.0,1.0,Unknown,Bachelorette
13,DeMario Jackson[7][29],30.0,"Century City, California",Executive Recruiter,23,,,2.0,Unknown,Bachelorette
13,Blake Killpack[31],29.0,"Oahu, Hawaii",U.S. Marine Veteran,Week 1,1.0,1.0,3.0,Unknown,Bachelorette
14,Garrett Yrigoyen[8],29.0,"Manteca, California",Medical Sales Representative,Winner,1.0,1.0,-1.0,Unknown,Bachelorette
14,Blake Horstmann[10],28.0,"Bailey, Colorado",Sales Rep,Runner-up,,,0.0,Unknown,Bachelorette
14,Jason Tartick[11],29.0,"Buffalo, New York",Senior Corporate Banker,Week 9,6.0,2.0,-1.0,Unknown,Bachelorette
14,Colton Underwood[4],26.0,"Washington, Illinois",Former Pro Football Player,Week 8,5.0,3.0,2.0,Unknown,Bachelorette
14,"William ""Wills"" Reid[14]",29.0,"Los Angeles, California",Graphic Designer,Week 7,5.0,3.0,-1.0,Unknown,Bachelorette
14,"Leandro ""Leo"" Dottavio[14]",31.0,"Valley Glen, California",Actor,6,,,-3.0,Unknown,Bachelorette
14,Connor Obrochta[16],25.0,"St. Petersburg, Florida",Fitness Coach,Week 6,5.0,3.0,3.0,Unknown,Bachelorette
14,Chris Randone[14],30.0,"Orlando, Florida",Sales Trainer,9,,,-2.0,Unknown,Bachelorette
14,John Graham[19],28.0,"San Francisco, California",Software Engineer,Week 5,5.0,3.0,0.0,Unknown,Bachelorette
14,Jordan Kimball[21],26.0,"Crystal River, Florida",Male Model,11,,,2.0,Unknown,Bachelorette
14,David Ravitz[22],25.0,"Cherry Hill, New Jersey",Venture Capitalist,12,,,3.0,Unknown,Bachelorette
14,Christon Staples[14],31.0,"Saginaw, Michigan",FormerHarlem Globetrotter,Week 4,4.0,4.0,-3.0,Unknown,Bachelorette
14,Jean Blanc[24],31.0,"Boston, Massachusetts",Colognoisseur,15,,,-3.0,Unknown,Bachelorette
14,Mike Renner[4][18],27.0,"Cincinnati, Ohio",Sports Analyst,Week 3,3.0,5.0,1.0,Unknown,Bachelorette
14,Clay Harbor[4][26],30.0,"Dwight, Illinois",Pro Football Player,18 ,,,-2.0,Unknown,Bachelorette
14,Alex Templeman[28],31.0,"Alpharetta, Georgia",Construction Manager,Week 2,2.0,2.0,-3.0,Unknown,Bachelorette
14,Chase Vergason[32],27.0,"Sanford, Florida",Advertising Vice President,Week 1,1.0,1.0,1.0,Unknown,Bachelorette
14,Jake Enyeart[35],29.0,"Minneapolis, Minnesota",Marketing Consultant,28,,,-1.0,Unknown,Bachelorette
15,Jed Wyatt[14],25.0,"Sevierville, Tennessee",Singer/Songwriter,Winner,1.0,1.0,-1.0,Unknown,Bachelorette
15,Tyler Cameron[16],26.0,"Jupiter, Florida",General Contractor,Runner-Up,,,-2.0,Unknown,Bachelorette
15,Peter Weber[17],27.0,"Westlake Village, California",Pilot,Week 9,6.0,2.0,-3.0,Unknown,Bachelorette
15,Luke Parker[19][20],24.0,"Gainesville, Georgia",Import/Export Manager,4,,,0.0,Unknown,Bachelorette
15,Garrett Powell[22],27.0,"Homewood, Alabama",Golf Pro,Week 7,5.0,3.0,-3.0,Unknown,Bachelorette
15,Mike Johnson[24],31.0,"San Antonio, Texas",Portfolio Manager,6,,,-7.0,Unknown,Bachelorette
15,Connor Saeli[24],24.0,"Birmingham, Michigan",Investment Analyst,7,,,0.0,Unknown,Bachelorette
15,Dustin Kendrick[25],30.0,"Goose Island, Illinois",Real Estate Broker,Week 6,5.0,3.0,-6.0,Unknown,Bachelorette
15,Devin Harris[28],27.0,"Sherman Oaks, California",Talent Manager,Week 5,5.0,3.0,-3.0,Unknown,Bachelorette
15,John Paul Jones[32],24.0,"Lanham, Maryland",Financial Analyst,Week 4,4.0,4.0,0.0,Unknown,Bachelorette
15,Luke Stone[34],29.0,"Needham, Massachusetts",Political Consultant,15 ,,,-5.0,Unknown,Bachelorette
15,"Cameron ""Cam"" Ayala[35]",30.0,"Austin, Texas",Software Sales,Week 3,3.0,5.0,-6.0,Unknown,Bachelorette
15,Tyler Gwozdz†[39],28.0,"Boca Raton, Florida",Psychology Graduate Student,19 (DQ)[a],,,-4.0,Unknown,Bachelorette
15,Connor Jenkins[4],28.0,"Newport Beach, California",Sales Manager,Week 2,2.0,2.0,-4.0,Unknown,Bachelorette
15,Brian Bowles[43],30.0,"Louisville, Kentucky",Math Teacher,Week 1,1.0,1.0,-6.0,Unknown,Bachelorette
15,Scott Andersen[31],28.0,"West Dundee, Illinois",Software Sales Executive,30,,,-4.0,Unknown,Bachelorette
17,Blake Moynes[12][17],30.0,"Hamilton, Ontario",Wildlife Manager,Winner,1.0,1.0,0.0,Unknown,Bachelorette
17,Justin Glaze[19],26.0,"Ellicott City, Maryland",Investment Sales Consultant,Runner-Up,,,4.0,Unknown,Bachelorette
17,Greg Grippo[20][21],27.0,"Edison, New Jersey",Marketing Sales Representative,Week 7,5.0,3.0,3.0,Unknown,Bachelorette
17,Michael Allio[23][24],36.0,"Akron, Ohio",Business Owner,4 ,,,-6.0,Unknown,Bachelorette
17,Andrew Spencer[6][26],26.0,"Lake Villa, Illinois[b]",Pro Football Player,Week 6,5.0,3.0,4.0,Unknown,Bachelorette
17,Mike Planeta[28],31.0,"Surprise, Arizona",Gym Owner,6,,,-1.0,Unknown,Bachelorette
17,Brendan Scanzano[17],26.0,"Toronto, Ontario",Firefighter Trainee,7,,,4.0,Unknown,Bachelorette
17,Aaron Clancy[29],26.0,"Walnut, California",Insurance Agent,Week 5,5.0,3.0,4.0,Unknown,Bachelorette
17,Connor Brennan[21][32],29.0,"Columbia, Illinois",Math Teacher,12,,,1.0,Unknown,Bachelorette
17,Andrew Milcovich[33],31.0,"Walnut Creek, California",Deputy District Attorney,Week 4,4.0,4.0,-1.0,Unknown,Bachelorette
17,Christian Smith[34],26.0,"Newburyport, Massachusetts",Real Estate Agent,Week 3,3.0,5.0,4.0,Unknown,Bachelorette
17,Garrett Schwartz[37],29.0,"Salinas, California",Software Marketing Manager,Week 2,2.0,2.0,1.0,Unknown,Bachelorette
17,Cody Menk[20][21],27.0,"Montclair, New Jersey",Zipper Sales Manager,24,,,3.0,Unknown,Bachelorette
17,Austin Tinsley[33],25.0,"Mission Viejo, California",Real Estate Investor,Week 1,1.0,1.0,5.0,Unknown,Bachelorette
18,Nayte Olukoya[19],27.0,"Winnipeg, Manitoba",Sales Executive,Winner,1.0,1.0,1.0,Unknown,Bachelorette
18,Brandon Jones[21],26.0,"Portland, Oregon",Traveling Nurse Recruiter,Runner-Up,,,2.0,Unknown,Bachelorette
18,Joe Coleman[7][22],28.0,"Minneapolis, Minnesota",Real Estate Developer,Week 8,5.0,3.0,0.0,Unknown,Bachelorette
18,Rodney Mathews[24],29.0,"Rancho Cucamonga, California",Sales Representative,Week 7,5.0,3.0,-1.0,Unknown,Bachelorette
18,"Olumide ""Olu"" Onajide[26]",27.0,"Woodland Park, New Jersey",IT Analyst,Week 6,5.0,3.0,1.0,Unknown,Bachelorette
18,Martin Gelbspan[29],29.0,"Córdoba, Argentina[a]",Personal Trainer,7,,,-1.0,Unknown,Bachelorette
18,Clayton Echard[6],28.0,"Eureka, Missouri",Medical Sales Representative,8,,,0.0,Unknown,Bachelorette
18,Casey Woods[30],36.0,"Parkland, Florida",Advertising Creative Director,Week 5,5.0,3.0,-8.0,Unknown,Bachelorette
18,Chris Sutton[32][33],28.0,"New Orleans, Louisiana",Commodities Broker,11,,,0.0,Unknown,Bachelorette
18,Chris Gallant[34],28.0,"Halifax, Nova Scotia",Motivational Speaker,Week 4,4.0,4.0,0.0,Unknown,Bachelorette
18,"Lowell ""LT"" Murray IV[8]",38.0,"Bellevue, Washington",Yoga Guru,Week 3,3.0,5.0,-10.0,Unknown,Bachelorette
18,Jamie Skaar[39],32.0,"Tacoma, Washington",Biotech CEO,19,,,-4.0,Unknown,Bachelorette
18,Alec Thompson[40],29.0,"Forest, Virginia",Engineer,Week 2,2.0,2.0,-1.0,Unknown,Bachelorette
18,Brandon Kieffer[32],29.0,"Sulphur, Louisiana",Brand Manager,Week 1,1.0,1.0,-1.0,Unknown,Bachelorette
18,Ryan Fox[45],30.0,"Sanger, California",Environmental Consultant,30,,,-2.0,Unknown,Bachelorette
20,Dotun Olubeko[14],30.0,"Fresno, California",Integrative Medicine Specialist,Winner,1.0,1.0,,Unknown,Bachelorette
20,Joey Graziadei[16][17],27.0,"Royersford, Pennsylvania",Tennis Pro,Runner-Up,,,,Unknown,Bachelorette
20,Aaron Bryant[18][19],29.0,"Katy, Texas",Software Salesman,Week 7,5.0,3.0,,Unknown,Bachelorette
20,Xavier Bonner[20][21],27.0,"Euclid, Ohio",Biomedical Scientist,4,,,,Unknown,Bachelorette
20,Aaron Bryant,,Week 6,[a],[23],,,,Unknown,Bachelorette
20,Tanner Courtad[24],30.0,"Pittsburgh, Pennsylvania",Mortgage Lender,Week 5,5.0,3.0,,Unknown,Bachelorette
20,Sean McLaughlin[6][26],25.0,"Troy, New York",Software Sales Rep,6,,,,Unknown,Bachelorette
20,Caleb Balgaard[4][27],24.0,"Fenton, Michigan",Pro Wrestler,Week 4,4.0,4.0,,Unknown,Bachelorette
20,Brayden Bowers[31],24.0,"Murrieta, California",Travel Nurse,10 ,,,,Unknown,Bachelorette
20,Aaron Schwartzman[32],33.0,"Fremont, California",Firefighter,Week 3,3.0,5.0,,Unknown,Bachelorette
20,Warwick Reider[35],27.0,"Oxford, Ohio",Construction Manager,14,,,,Unknown,Bachelorette
20,Caleb Arthur[36],29.0,"Kentwood, Michigan",Resident Physician,Week 2,2.0,2.0,,Unknown,Bachelorette
20,Chris Spell[5],27.0,"White Plains, New York",World Record Jumper,Week 1,1.0,1.0,,Unknown,Bachelorette
21,Devin Strader[19],28.0,"Rosenberg, Texas",Freight Company Owner,Winner,1.0,1.0,,Unknown,Bachelorette
21,Marcus Shoberg[21][22],31.0,"Cloquet, Minnesota",Army Ranger Veteran,Runner-Up,,,,Unknown,Bachelorette
21,Jonathon Johnson[23],27.0,"Kansas City, Missouri",Creative Director,Week 8,5.0,3.0,,Unknown,Bachelorette
21,Jeremy Simon[4][25],29.0,"Fairfield, Connecticut",Real Estate Investor,Week 7,5.0,3.0,,Unknown,Bachelorette
21,Grant Ellis[2][27],30.0,"Newark, New Jersey",Day Trader,Week 6,5.0,3.0,,Unknown,Bachelorette
21,Sam McKinney[28][29],27.0,"Myrtle Beach, South Carolina",Contractor,7,,,,Unknown,Bachelorette
21,Dylan Buckor[30],24.0,"Elk Grove, California",Medical Student,Week 5,5.0,3.0,,Unknown,Bachelorette
21,Austin Ott[31],28.0,"Vista, California",Sales Executive,9 ,,,,Unknown,Bachelorette
21,John Mitchell[32][33],26.0,"Delray Beach, Florida",Medical Student,Week 4,4.0,4.0,,Unknown,Bachelorette
21,"Samaun ""Sam"" Nejad[35]",25.0,"Carlsbad, California",Entrepreneur,12,,,,Unknown,Bachelorette
21,Hakeem Moulton[36],29.0,"Schaumburg, Illinois",Medical Device Salesman,Week 3,3.0,5.0,,Unknown,Bachelorette
21,Aaron Erb[7][38],29.0,"Tulsa, Oklahoma",Aerospace Engineer,15 ,,,,Unknown,Bachelorette
21,Brian Autz[39],33.0,"Northport, New York",Aesthetics Consultant,Week 2,2.0,2.0,,Unknown,Bachelorette
21,Brendan Barnum[37],30.0,"Vancouver, British Columbia",Real Estate Broker,Week 1,1.0,1.0,,Unknown,Bachelorette
